epoch,step,train/cardinality_error,train/cardinality_error_0,train/cardinality_error_1,train/cardinality_error_2,train/cardinality_error_3,train/cardinality_error_enc,train/class_error,train/loss,train/loss_bbox,train/loss_bbox_0,train/loss_bbox_1,train/loss_bbox_2,train/loss_bbox_3,train/loss_bbox_enc,train/loss_ce,train/loss_ce_0,train/loss_ce_1,train/loss_ce_2,train/loss_ce_3,train/loss_ce_enc,train/loss_giou,train/loss_giou_0,train/loss_giou_1,train/loss_giou_2,train/loss_giou_3,train/loss_giou_enc,train/loss_mask_ce,train/loss_mask_ce_0,train/loss_mask_ce_1,train/loss_mask_ce_2,train/loss_mask_ce_3,train/loss_mask_ce_enc,train/loss_mask_dice,train/loss_mask_dice_0,train/loss_mask_dice_1,train/loss_mask_dice_2,train/loss_mask_dice_3,train/loss_mask_dice_enc,train/lr,train/lr_max,train/lr_min,val/AP/bottle,val/AP/bump,val/AP/capacity,val/AP/damage,val/AP/label,val/AP/scratch,val/F1,val/cardinality_error,val/cardinality_error_0,val/cardinality_error_1,val/cardinality_error_2,val/cardinality_error_3,val/cardinality_error_enc,val/class_error,val/ema_mAP_50,val/ema_mAP_50_95,val/ema_mAR,val/ema_segm_mAP_50,val/ema_segm_mAP_50_95,val/loss,val/loss_bbox,val/loss_bbox_0,val/loss_bbox_1,val/loss_bbox_2,val/loss_bbox_3,val/loss_bbox_enc,val/loss_ce,val/loss_ce_0,val/loss_ce_1,val/loss_ce_2,val/loss_ce_3,val/loss_ce_enc,val/loss_giou,val/loss_giou_0,val/loss_giou_1,val/loss_giou_2,val/loss_giou_3,val/loss_giou_enc,val/loss_mask_ce,val/loss_mask_ce_0,val/loss_mask_ce_1,val/loss_mask_ce_2,val/loss_mask_ce_3,val/loss_mask_ce_enc,val/loss_mask_dice,val/loss_mask_dice_0,val/loss_mask_dice_1,val/loss_mask_dice_2,val/loss_mask_dice_3,val/loss_mask_dice_enc,val/mAP_50,val/mAP_50_95,val/mAP_75,val/mAR,val/precision,val/recall,val/segm_mAP_50,val/segm_mAP_50_95
0,46,,,,,,,,,,,,,,,,,,,,,,,,,,,,,,,,,,,,,,,,,,0.9746760725975037,0.0009410742786712945,0.48036959767341614,0.0,0.9785534143447876,0.0,0.4468919634819031,1.1563518047332764,1.4104233980178833,1.302931547164917,1.182410478591919,1.2149837017059326,1.2508143186569214,10.7463960647583,0.46229881048202515,0.40126195549964905,0.4663565158843994,0.45367956161499023,0.39626219868659973,11.862584114074707,0.034812137484550476,0.048148013651371,0.04190819337964058,0.04287561774253845,0.03521488234400749,0.06062585860490799,0.4478320777416229,0.7186617255210876,0.5631187558174133,0.5498737096786499,0.485586017370224,0.6189249753952026,0.16820597648620605,0.19662727415561676,0.1887972503900528,0.1821945458650589,0.17205815017223358,0.22806523740291595,0.0396263524889946,0.044305846095085144,0.042748596519231796,0.042024824768304825,0.04234135523438454,0.049648262560367584,0.11398325115442276,0.1238023117184639,0.1202930361032486,0.11879362165927887,0.1142205223441124,0.12596486508846283,0.4678027629852295,0.4057566821575165,0.41644325852394104,0.4597106873989105,0.4494412839412689,0.4453003406524658,0.46257519721984863,0.4016593396663666
0,46,19.4494686126709,12.021276473999023,17.066490173339844,19.20079803466797,19.38962745666504,16.570478439331055,24.32078742980957,16.926698684692383,0.045019589364528656,0.0813698023557663,0.06381206214427948,0.05311180278658867,0.04842693731188774,0.1097327172756195,0.5662714242935181,0.8938780426979065,0.7127189040184021,0.6573892831802368,0.5993251800537109,0.6357811093330383,0.21025891602039337,0.29359427094459534,0.2616024911403656,0.23164458572864532,0.22130967676639557,0.37379032373428345,0.06503929942846298,0.08385605365037918,0.07427725195884705,0.06897011399269104,0.06506406515836716,0.09404440224170685,0.15436533093452454,0.19539444148540497,0.1772502362728119,0.16666623950004578,0.15875370800495148,0.2302314043045044,,,,,,,,,,,,,,,,,,,,,,,,,,,,,,,,,,,,,,,,,,,,,,,,,,,,,,,,,,,,,
1,49,,,,,,,,,,,,,,,,,,,,,,,,,,,,,,,,,,,,,,,9.999999747378752e-05,9.999999747378752e-05,3.232564267818816e-06,,,,,,,,,,,,,,,,,,,,,,,,,,,,,,,,,,,,,,,,,,,,,,,,,,,,,,,,,,
1,93,,,,,,,,,,,,,,,,,,,,,,,,,,,,,,,,,,,,,,,,,,0.9776872992515564,0.04503124579787254,0.6275222897529602,0.04798224940896034,0.9848090410232544,0.0,0.5073527097702026,0.44625407457351685,2.0195438861846924,0.8501628637313843,0.5374592542648315,0.45928338170051575,0.5863192081451416,5.901215076446533,0.5260413289070129,0.4450708329677582,0.5537121295928955,0.5087676644325256,0.4374542534351349,9.750442504882812,0.022476475685834885,0.03385287895798683,0.030561791732907295,0.02555139921605587,0.023706909269094467,0.05737845227122307,0.3478696048259735,0.8293763399124146,0.5552169680595398,0.4301522672176361,0.3738804757595062,0.5506961345672607,0.12925995886325836,0.1529984325170517,0.14256106317043304,0.13710226118564606,0.13043616712093353,0.19639702141284943,0.032479654997587204,0.04000258818268776,0.033666957169771194,0.03364933654665947,0.034812070429325104,0.04253532737493515,0.08897505700588226,0.10198736935853958,0.09165243804454803,0.0914812758564949,0.08870114386081696,0.10367666929960251,0.5253759622573853,0.44717201590538025,0.45703864097595215,0.5582870244979858,0.5130334496498108,0.5354540944099426,0.5080255270004272,0.4360571503639221
1,93,30.538564682006836,16.29521369934082,28.54521369934082,30.615692138671875,29.917552947998047,26.130319595336914,6.141765117645264,10.603076934814453,0.025257349014282227,0.042395830154418945,0.03629697486758232,0.032199960201978683,0.02739400789141655,0.06240849196910858,0.3830971419811249,0.8857765197753906,0.6129222512245178,0.5292777419090271,0.429320365190506,0.5716655254364014,0.13456571102142334,0.15773096680641174,0.152924045920372,0.1439063549041748,0.1390809565782547,0.20131969451904297,0.03959416225552559,0.04713078588247299,0.04380570724606514,0.04117942601442337,0.040499500930309296,0.04960547015070915,0.09188433736562729,0.09940396249294281,0.0953681543469429,0.09346804022789001,0.09318797290325165,0.1053120568394661,,,,,,,,,,,,,,,,,,,,,,,,,,,,,,,,,,,,,,,,,,,,,,,,,,,,,,,,,,,,,
2,99,,,,,,,,,,,,,,,,,,,,,,,,,,,,,,,,,,,,,,,9.999999747378752e-05,9.999999747378752e-05,3.232564267818816e-06,,,,,,,,,,,,,,,,,,,,,,,,,,,,,,,,,,,,,,,,,,,,,,,,,,,,,,,,,,
2,140,,,,,,,,,,,,,,,,,,,,,,,,,,,,,,,,,,,,,,,,,,0.9797565937042236,0.07539515197277069,0.6609915494918823,0.10635211318731308,0.9851415753364563,0.0,0.5696671605110168,0.37785017490386963,1.2312703132629395,0.5602605938911438,0.46254071593284607,0.3876221477985382,0.4657980501651764,5.7668938636779785,0.5500748753547668,0.46280354261398315,0.6085458397865295,0.5311712026596069,0.44565242528915405,8.729828834533691,0.021300461143255234,0.03086911514401436,0.023339590057730675,0.022059429436922073,0.021310247480869293,0.047734152525663376,0.33777326345443726,0.6864616274833679,0.46122556924819946,0.3935595452785492,0.34304478764533997,0.4930928945541382,0.11997818201780319,0.14108999073505402,0.1267673671245575,0.12412545084953308,0.12038244307041168,0.16915053129196167,0.03083798475563526,0.03504925221204758,0.03140688315033913,0.031062526628375053,0.03183707967400551,0.03691341355443001,0.08394826948642731,0.09122791141271591,0.08765798807144165,0.08598976582288742,0.08315547555685043,0.08663728833198547,0.5601972341537476,0.46793949604034424,0.4779229164123535,0.6082993149757385,0.5556188225746155,0.5870223641395569,0.5405070781707764,0.4514334797859192
2,140,33.19548034667969,18.73271369934082,31.12632942199707,33.27659606933594,33.15691375732422,30.972074508666992,3.8308637142181396,9.163785934448242,0.020941289141774178,0.03383433446288109,0.02729226090013981,0.024048293009400368,0.021611593663692474,0.05447378382086754,0.3262077867984772,0.8650092482566833,0.5416617393493652,0.41249221563339233,0.34218475222587585,0.5347458720207214,0.11436409503221512,0.13314217329025269,0.12480785697698593,0.11904258280992508,0.11535359174013138,0.17431853711605072,0.035372138023376465,0.04033546894788742,0.03725568950176239,0.035771068185567856,0.03550887480378151,0.04468484967947006,0.08131717890501022,0.08683037012815475,0.08206844329833984,0.08272210508584976,0.08076784759759903,0.09104939550161362,,,,,,,,,,,,,,,,,,,,,,,,,,,,,,,,,,,,,,,,,,,,,,,,,,,,,,,,,,,,,
3,149,,,,,,,,,,,,,,,,,,,,,,,,,,,,,,,,,,,,,,,9.999999747378752e-05,9.999999747378752e-05,3.232564267818816e-06,,,,,,,,,,,,,,,,,,,,,,,,,,,,,,,,,,,,,,,,,,,,,,,,,,,,,,,,,,
3,187,,,,,,,,,,,,,,,,,,,,,,,,,,,,,,,,,,,,,,,,,,0.9863319396972656,0.12295738607645035,0.6652539372444153,0.12107188254594803,0.9861158132553101,0.00013824024063069373,0.5873121619224548,0.36807817220687866,1.1205211877822876,0.5276873111724854,0.44625407457351685,0.371335506439209,0.5048859715461731,5.215914249420166,0.587772786617279,0.4826098382472992,0.6227037310600281,0.5629666447639465,0.46299418807029724,8.418407440185547,0.019535066559910774,0.027569420635700226,0.027796322479844093,0.021085241809487343,0.01842772588133812,0.04100590571761131,0.3248054087162018,0.6840664148330688,0.43786466121673584,0.37730419635772705,0.3326292335987091,0.48577383160591125,0.11507570743560791,0.13300661742687225,0.1320117861032486,0.11980220675468445,0.11475133895874023,0.16386863589286804,0.03171638771891594,0.032675601541996,0.03139033541083336,0.029002239927649498,0.02936377562582493,0.035839419811964035,0.0827300176024437,0.08589348196983337,0.07783862948417664,0.08091002702713013,0.0800803154706955,0.09092658013105392,0.5923528671264648,0.4803115427494049,0.48309794068336487,0.629733145236969,0.642707884311676,0.5789523124694824,0.567022442817688,0.4649234414100647
3,187,33.039894104003906,16.68617057800293,32.6263313293457,33.319149017333984,33.03191375732422,31.81382942199707,3.2025392055511475,8.797051429748535,0.019726615399122238,0.031641121953725815,0.027929937466979027,0.022889086976647377,0.020229987800121307,0.0504898726940155,0.3207795321941376,0.8770177364349365,0.552995502948761,0.4004274606704712,0.3356994688510895,0.5102269053459167,0.10790819674730301,0.12775222957134247,0.12236559391021729,0.11449235677719116,0.10945494472980499,0.16432471573352814,0.033332135528326035,0.037365466356277466,0.03531195595860481,0.033738017082214355,0.033437833189964294,0.04085822030901909,0.07602804899215698,0.08134586364030838,0.07744638621807098,0.07882664352655411,0.07658671587705612,0.08427782356739044,,,,,,,,,,,,,,,,,,,,,,,,,,,,,,,,,,,,,,,,,,,,,,,,,,,,,,,,,,,,,
4,199,,,,,,,,,,,,,,,,,,,,,,,,,,,,,,,,,,,,,,,9.999999747378752e-05,9.999999747378752e-05,3.232564267818816e-06,,,,,,,,,,,,,,,,,,,,,,,,,,,,,,,,,,,,,,,,,,,,,,,,,,,,,,,,,,
4,234,,,,,,,,,,,,,,,,,,,,,,,,,,,,,,,,,,,,,,,,,,0.9837499856948853,0.13244058191776276,0.6654337048530579,0.18446467816829681,0.9844642877578735,0.000915583863388747,0.6105659008026123,0.34201955795288086,1.0879478454589844,0.3745928406715393,0.3973941504955292,0.34201955795288086,0.44951140880584717,3.729611396789551,0.6064721345901489,0.4902850091457367,0.6381409168243408,0.587627649307251,0.47139930725097656,8.174970626831055,0.019351370632648468,0.029338613152503967,0.02265545167028904,0.02064630389213562,0.01870955340564251,0.04468904435634613,0.32523003220558167,0.6529099941253662,0.4061215817928314,0.3593117892742157,0.3370618224143982,0.4611887037754059,0.11841557174921036,0.1304967701435089,0.12096358090639114,0.12150339782238007,0.11786630749702454,0.15840700268745422,0.030584666877985,0.03260159492492676,0.030429471284151077,0.0293971449136734,0.030153634026646614,0.035424765199422836,0.07706690579652786,0.08044866472482681,0.07726499438285828,0.07939966022968292,0.07474276423454285,0.08666375279426575,0.6151626110076904,0.49191147089004517,0.48341622948646545,0.6359161734580994,0.6054758429527283,0.6182723641395569,0.5860905647277832,0.46986255049705505
4,234,33.4614372253418,18.428192138671875,33.52659606933594,34.05451965332031,33.4760627746582,32.32579803466797,3.183734893798828,8.38973331451416,0.018117913976311684,0.029869267717003822,0.02522445283830166,0.02069208025932312,0.019137466326355934,0.04815620929002762,0.3133373558521271,0.8353330492973328,0.5238152742385864,0.3760456442832947,0.32252663373947144,0.4841032922267914,0.10310538113117218,0.12390058487653732,0.11638840287923813,0.10867646336555481,0.10654287040233612,0.15801265835762024,0.03168538957834244,0.034874580800533295,0.03309480473399162,0.03211095929145813,0.032039444893598557,0.03757162019610405,0.07348106801509857,0.07885444909334183,0.07486520707607269,0.075199194252491,0.07373890280723572,0.08155021071434021,,,,,,,,,,,,,,,,,,,,,,,,,,,,,,,,,,,,,,,,,,,,,,,,,,,,,,,,,,,,,
5,249,,,,,,,,,,,,,,,,,,,,,,,,,,,,,,,,,,,,,,,9.999999747378752e-05,9.999999747378752e-05,3.232564267818816e-06,,,,,,,,,,,,,,,,,,,,,,,,,,,,,,,,,,,,,,,,,,,,,,,,,,,,,,,,,,
5,281,,,,,,,,,,,,,,,,,,,,,,,,,,,,,,,,,,,,,,,,,,0.9813621044158936,0.12555436789989471,0.6942852139472961,0.20147797465324402,0.9842416644096375,0.0010834798449650407,0.6175776124000549,0.36807817220687866,0.9120520949363708,0.41693809628486633,0.37785017490386963,0.3745928406715393,0.4267100989818573,2.7050702571868896,0.6216328740119934,0.5003393888473511,0.6416159272193909,0.5827797055244446,0.4743075966835022,8.046662330627441,0.019921233877539635,0.024993455037474632,0.02252235636115074,0.023018768057227135,0.0215777400881052,0.043244678527116776,0.3182404637336731,0.5535451173782349,0.3985026478767395,0.36068400740623474,0.330353319644928,0.44199138879776,0.11211226135492325,0.12473134696483612,0.11998993903398514,0.12045460939407349,0.11178987473249435,0.15644466876983643,0.030149534344673157,0.031937699764966965,0.029076362028717995,0.02836509793996811,0.02949369139969349,0.03495872765779495,0.07828851789236069,0.08838964998722076,0.08057349920272827,0.07915214449167252,0.07773951441049576,0.08705728501081467,0.6129759550094604,0.4980008006095886,0.5096535086631775,0.6494330763816833,0.6583422422409058,0.5979540944099426,0.5783564448356628,0.4730105400085449
5,281,33.51861572265625,23.93484115600586,33.240692138671875,33.69015884399414,33.53058624267578,32.07978820800781,1.9931950569152832,8.098238945007324,0.01778195984661579,0.029603857547044754,0.023572411388158798,0.02006162330508232,0.01870826631784439,0.04760073497891426,0.3010726869106293,0.8014124631881714,0.4859462380409241,0.34973669052124023,0.3088693618774414,0.4705144166946411,0.09882277995347977,0.1184481531381607,0.10788355767726898,0.10406757891178131,0.1004609689116478,0.1521555781364441,0.03237063065171242,0.03559417277574539,0.03376064449548721,0.032651375979185104,0.03249921649694443,0.038763049989938736,0.07076292484998703,0.07571697980165482,0.07271631062030792,0.07193534076213837,0.07063087821006775,0.07867122441530228,,,,,,,,,,,,,,,,,,,,,,,,,,,,,,,,,,,,,,,,,,,,,,,,,,,,,,,,,,,,,
6,299,,,,,,,,,,,,,,,,,,,,,,,,,,,,,,,,,,,,,,,9.999999747378752e-05,9.999999747378752e-05,3.232564267818816e-06,,,,,,,,,,,,,,,,,,,,,,,,,,,,,,,,,,,,,,,,,,,,,,,,,,,,,,,,,,
6,328,,,,,,,,,,,,,,,,,,,,,,,,,,,,,,,,,,,,,,,,,,0.9854220747947693,0.13399146497249603,0.672697126865387,0.1873447746038437,0.9867136478424072,0.011384595185518265,0.6050363183021545,0.361563503742218,0.9934853315353394,0.5895765423774719,0.4299674332141876,0.3583061993122101,0.4397394061088562,3.179856300354004,0.6251369118690491,0.5054603219032288,0.6531162858009338,0.5946836471557617,0.4769550859928131,8.521361351013184,0.01950446330010891,0.028258562088012695,0.024406157433986664,0.022915247827768326,0.018994983285665512,0.05991342291235924,0.32480403780937195,0.6741387844085693,0.4597840905189514,0.37709546089172363,0.32263410091400146,0.47328051924705505,0.11470016837120056,0.13102898001670837,0.12680840492248535,0.12485240399837494,0.11558022350072861,0.18089400231838226,0.03152919188141823,0.031792882829904556,0.030143193900585175,0.029919086024165154,0.030702251940965652,0.036861345171928406,0.08025357872247696,0.08740460872650146,0.0791495069861412,0.08271273225545883,0.08074518293142319,0.08517320454120636,0.6229372620582581,0.496258944272995,0.4962671995162964,0.6419984102249146,0.6199991106987,0.5977919697761536,0.5822458267211914,0.46945542097091675
6,328,33.5625,22.09308433532715,33.24468231201172,33.83244705200195,33.522605895996094,32.29521179199219,2.4038360118865967,8.156275749206543,0.018146954476833344,0.028108231723308563,0.024329351261258125,0.02103252150118351,0.019620444625616074,0.052443280816078186,0.30225032567977905,0.8058555126190186,0.4796518385410309,0.3597758710384369,0.3152315318584442,0.47283944487571716,0.09984586387872696,0.11788169294595718,0.11103571951389313,0.10646991431713104,0.10259018838405609,0.15749084949493408,0.03163108602166176,0.033845700323581696,0.03290589153766632,0.03210316225886345,0.03190493956208229,0.03819175809621811,0.07011707127094269,0.0752655565738678,0.07355805486440659,0.0735301598906517,0.07071152329444885,0.0785631611943245,,,,,,,,,,,,,,,,,,,,,,,,,,,,,,,,,,,,,,,,,,,,,,,,,,,,,,,,,,,,,
7,349,,,,,,,,,,,,,,,,,,,,,,,,,,,,,,,,,,,,,,,9.999999747378752e-05,9.999999747378752e-05,3.232564267818816e-06,,,,,,,,,,,,,,,,,,,,,,,,,,,,,,,,,,,,,,,,,,,,,,,,,,,,,,,,,,
7,375,,,,,,,,,,,,,,,,,,,,,,,,,,,,,,,,,,,,,,,,,,0.9827664494514465,0.12615814805030823,0.6887783408164978,0.28893721103668213,0.9844920039176941,0.012571515515446663,0.6294450163841248,0.36482083797454834,1.2508143186569214,0.5765472054481506,0.5635179281234741,0.371335506439209,0.38110747933387756,3.28987455368042,0.6352947354316711,0.5110651254653931,0.6630356907844543,0.6015501022338867,0.4770469665527344,8.34898853302002,0.01808498613536358,0.030858978629112244,0.029440274462103844,0.024572601541876793,0.020379651337862015,0.04342334717512131,0.3248124122619629,0.6254571676254272,0.44661960005760193,0.42890578508377075,0.3385833203792572,0.43597567081451416,0.11150319129228592,0.13451053202152252,0.12941695749759674,0.12117024511098862,0.11572539061307907,0.158615380525589,0.030411412939429283,0.0322239063680172,0.03286520019173622,0.0315169021487236,0.030216509476304054,0.03730439022183418,0.07715653628110886,0.08275064080953598,0.08025427162647247,0.08053046464920044,0.07611240446567535,0.08324775844812393,0.654967188835144,0.5139505863189697,0.5174181461334229,0.6363385915756226,0.6436565518379211,0.6215474605560303,0.5995059013366699,0.47279873490333557
7,375,33.92686080932617,22.01329803466797,33.0,34.666221618652344,33.95079803466797,32.29388427734375,2.0645816326141357,8.083273887634277,0.016397370025515556,0.028583455830812454,0.026415277272462845,0.02142288163304329,0.018254831433296204,0.04878959804773331,0.3019329011440277,0.815330982208252,0.5288144946098328,0.3976749777793884,0.3192274570465088,0.45161673426628113,0.09768062829971313,0.11866696178913116,0.11301257461309433,0.10582657158374786,0.10134262591600418,0.15351183712482452,0.030132677406072617,0.033330243080854416,0.0322008952498436,0.030963294208049774,0.03004353865981102,0.03702431172132492,0.06788976490497589,0.07363343983888626,0.06993429362773895,0.06832526624202728,0.06784086674451828,0.07653747498989105,,,,,,,,,,,,,,,,,,,,,,,,,,,,,,,,,,,,,,,,,,,,,,,,,,,,,,,,,,,,,
8,399,,,,,,,,,,,,,,,,,,,,,,,,,,,,,,,,,,,,,,,9.999999747378752e-05,9.999999747378752e-05,3.232564267818816e-06,,,,,,,,,,,,,,,,,,,,,,,,,,,,,,,,,,,,,,,,,,,,,,,,,,,,,,,,,,
8,422,,,,,,,,,,,,,,,,,,,,,,,,,,,,,,,,,,,,,,,,,,0.9843254685401917,0.1616135686635971,0.6983150243759155,0.2895108163356781,0.9858829975128174,0.011216024868190289,0.6223837733268738,0.361563503742218,1.276872992515564,0.5016286373138428,0.4299674332141876,0.36807817220687866,0.42019543051719666,2.823758602142334,0.6588678359985352,0.5229609608650208,0.6597169637680054,0.6109209656715393,0.48185479640960693,7.9074625968933105,0.02059571072459221,0.026924854144454002,0.024036383256316185,0.021697236225008965,0.02050013095140457,0.03726140037178993,0.31454595923423767,0.6073074340820312,0.4004037082195282,0.3982844054698944,0.3351469933986664,0.43632856011390686,0.11367268860340118,0.12509126961231232,0.12231810390949249,0.11501031368970871,0.11273682862520218,0.15012434124946594,0.02822747640311718,0.029332127422094345,0.02823091298341751,0.028566258028149605,0.029852373525500298,0.03446514531970024,0.07138527929782867,0.07702065259218216,0.07906495779752731,0.07424543052911758,0.07504308223724365,0.08105813711881638,0.6505239605903625,0.5218106508255005,0.5363340377807617,0.6738974452018738,0.6131317019462585,0.637112021446228,0.611156702041626,0.4837642312049866
8,422,33.51462936401367,24.23271369934082,32.80984115600586,34.083778381347656,33.6888313293457,32.88298034667969,1.9696977138519287,7.978692054748535,0.01703077368438244,0.030747147276997566,0.02865087240934372,0.023542599752545357,0.01914435625076294,0.04321102797985077,0.29713302850723267,0.7621845602989197,0.4982563257217407,0.40279296040534973,0.3154526650905609,0.4397207498550415,0.09706302732229233,0.12074213474988937,0.11639932543039322,0.1083344891667366,0.10089753568172455,0.14624443650245667,0.030467599630355835,0.033564697951078415,0.03216275945305824,0.03124517761170864,0.030741848051548004,0.03547440841794014,0.06596823781728745,0.07337339967489243,0.07027039676904678,0.06860709190368652,0.06828877329826355,0.07426707446575165,,,,,,,,,,,,,,,,,,,,,,,,,,,,,,,,,,,,,,,,,,,,,,,,,,,,,,,,,,,,,
9,449,,,,,,,,,,,,,,,,,,,,,,,,,,,,,,,,,,,,,,,9.999999747378752e-05,9.999999747378752e-05,3.232564267818816e-06,,,,,,,,,,,,,,,,,,,,,,,,,,,,,,,,,,,,,,,,,,,,,,,,,,,,,,,,,,
9,469,,,,,,,,,,,,,,,,,,,,,,,,,,,,,,,,,,,,,,,,,,0.9852756261825562,0.1581752449274063,0.6440978050231934,0.3425893187522888,0.986643373966217,0.011764595285058022,0.6520059108734131,0.3224755823612213,1.1726384162902832,0.43322476744651794,0.4267100989818573,0.36482083797454834,0.3843648135662079,2.1151669025421143,0.6698706746101379,0.5296214818954468,0.6720744967460632,0.6252584457397461,0.4912472665309906,8.052970886230469,0.017898079007864,0.026896052062511444,0.023548077791929245,0.021936604753136635,0.019339391961693764,0.0334143228828907,0.3143983483314514,0.5925412178039551,0.40360063314437866,0.39312052726745605,0.33707645535469055,0.42784908413887024,0.11658225208520889,0.13163605332374573,0.12075482308864594,0.12346332520246506,0.11965938657522202,0.1466735452413559,0.030132750049233437,0.031610649079084396,0.02919016033411026,0.029905416071414948,0.029376398772001266,0.03528958559036255,0.07867122441530228,0.08599299937486649,0.07637139409780502,0.0812363475561142,0.07851386070251465,0.08404569327831268,0.6701732873916626,0.5214243531227112,0.528424084186554,0.6498280763626099,0.6511865258216858,0.6556941270828247,0.6310358047485352,0.4901648461818695
9,469,34.240692138671875,26.337766647338867,33.07845687866211,34.82579803466797,34.23404312133789,33.22340393066406,1.828408122062683,7.893021583557129,0.016562171280384064,0.03018924593925476,0.027923041954636574,0.02252030558884144,0.0177800040692091,0.04023854807019234,0.29579415917396545,0.7619115710258484,0.4780326187610626,0.38261809945106506,0.3118111193180084,0.42781805992126465,0.09813446551561356,0.11992949992418289,0.11634007096290588,0.10782518982887268,0.10058736801147461,0.14343737065792084,0.029705476015806198,0.032345324754714966,0.03123602643609047,0.030026322230696678,0.02974698133766651,0.035452768206596375,0.06686535477638245,0.07493100315332413,0.07172059267759323,0.06957941502332687,0.06855937838554382,0.07712455838918686,,,,,,,,,,,,,,,,,,,,,,,,,,,,,,,,,,,,,,,,,,,,,,,,,,,,,,,,,,,,,
10,499,,,,,,,,,,,,,,,,,,,,,,,,,,,,,,,,,,,,,,,9.999999747378752e-05,9.999999747378752e-05,3.232564267818816e-06,,,,,,,,,,,,,,,,,,,,,,,,,,,,,,,,,,,,,,,,,,,,,,,,,,,,,,,,,,
10,516,,,,,,,,,,,,,,,,,,,,,,,,,,,,,,,,,,,,,,,,,,0.9811564683914185,0.14313450455665588,0.6816184520721436,0.3151645064353943,0.9838851094245911,0.013503779657185078,0.6347439289093018,0.319218248128891,1.3811074495315552,0.7198697328567505,0.423452764749527,0.3452768623828888,0.4104234576225281,2.9042017459869385,0.6630815267562866,0.5315406322479248,0.6749871373176575,0.6290457248687744,0.491084486246109,8.107169151306152,0.017960617318749428,0.02675691433250904,0.023421134799718857,0.01919057033956051,0.019236158579587936,0.04298996552824974,0.3136889934539795,0.6930689811706543,0.46386784315109253,0.3878253996372223,0.32369527220726013,0.45468729734420776,0.11160300672054291,0.13001082837581635,0.1216701790690422,0.11613291501998901,0.11644058674573898,0.15820486843585968,0.028656531125307083,0.02980200946331024,0.028597980737686157,0.027776293456554413,0.028277169913053513,0.032865945249795914,0.07358368486166,0.08389779925346375,0.0796477198600769,0.07313087582588196,0.07542064785957336,0.0812302976846695,0.6638443470001221,0.519743800163269,0.5265753269195557,0.6678056716918945,0.6449811458587646,0.6287844181060791,0.6153683662414551,0.48946043848991394
10,516,33.925533294677734,20.04654312133789,31.441490173339844,33.99468231201172,34.00798034667969,32.816490173339844,1.6503279209136963,8.0523099899292,0.01658996380865574,0.03152059391140938,0.027459822595119476,0.020888902246952057,0.017895419150590897,0.04676709324121475,0.291302353143692,0.8189541697502136,0.5274826884269714,0.38677841424942017,0.3074854016304016,0.46293899416923523,0.09551053494215012,0.12034421414136887,0.11202302575111389,0.10318579524755478,0.09846822917461395,0.14964301884174347,0.03125891461968422,0.03284016624093056,0.03176777809858322,0.03117198869585991,0.03122078813612461,0.035853248089551926,0.06689690798521042,0.0741833746433258,0.06956932693719864,0.06925232708454132,0.06781577318906784,0.0768512710928917,,,,,,,,,,,,,,,,,,,,,,,,,,,,,,,,,,,,,,,,,,,,,,,,,,,,,,,,,,,,,
11,549,,,,,,,,,,,,,,,,,,,,,,,,,,,,,,,,,,,,,,,9.999999747378752e-05,9.999999747378752e-05,3.232564267818816e-06,,,,,,,,,,,,,,,,,,,,,,,,,,,,,,,,,,,,,,,,,,,,,,,,,,,,,,,,,,
11,563,,,,,,,,,,,,,,,,,,,,,,,,,,,,,,,,,,,,,,,,,,0.983816385269165,0.16204729676246643,0.7032976746559143,0.37069329619407654,0.9855826497077942,0.009614590555429459,0.6460599303245544,0.2899022698402405,0.9381107687950134,0.5570032596588135,0.3973941504955292,0.29967427253723145,0.4429967403411865,1.958214521408081,0.6782342195510864,0.5388709902763367,0.6781874299049377,0.63369220495224,0.4969062805175781,7.784160614013672,0.015555369667708874,0.025523727759718895,0.02145300805568695,0.018753409385681152,0.01653577759861946,0.04153352975845337,0.30947738885879517,0.5913332104682922,0.4179498553276062,0.3671146333217621,0.3189392387866974,0.4368383586406708,0.10396185517311096,0.11611704528331757,0.1133047565817833,0.10975267738103867,0.10643939673900604,0.14780110120773315,0.028073519468307495,0.030515149235725403,0.028442518785595894,0.028306715190410614,0.02896529994904995,0.033327918499708176,0.0759069100022316,0.08320983499288559,0.07733678817749023,0.0759844109416008,0.07787884026765823,0.08224780857563019,0.6732772588729858,0.5358420014381409,0.5237137675285339,0.674444317817688,0.6797071099281311,0.6267907023429871,0.6221822500228882,0.4858575761318207
11,563,34.09175491333008,19.071807861328125,33.57978820800781,34.511966705322266,33.9986686706543,32.212764739990234,1.4187874794006348,7.5948686599731445,0.016408149152994156,0.026726821437478065,0.024507516995072365,0.01964217610657215,0.017380602657794952,0.04545774683356285,0.28916504979133606,0.7886513471603394,0.4869285821914673,0.3588999807834625,0.3045763373374939,0.44877615571022034,0.09292538464069366,0.10942114144563675,0.10444287955760956,0.0983240157365799,0.095372274518013,0.14285816252231598,0.028557350859045982,0.030946997925639153,0.030127737671136856,0.028741752728819847,0.02860923483967781,0.03355320170521736,0.06335361301898956,0.06915885210037231,0.06399305909872055,0.06368240714073181,0.06302415579557419,0.07236509770154953,,,,,,,,,,,,,,,,,,,,,,,,,,,,,,,,,,,,,,,,,,,,,,,,,,,,,,,,,,,,,
12,599,,,,,,,,,,,,,,,,,,,,,,,,,,,,,,,,,,,,,,,9.999999747378752e-05,9.999999747378752e-05,3.232564267818816e-06,,,,,,,,,,,,,,,,,,,,,,,,,,,,,,,,,,,,,,,,,,,,,,,,,,,,,,,,,,
12,610,,,,,,,,,,,,,,,,,,,,,,,,,,,,,,,,,,,,,,,,,,0.9838027954101562,0.16504645347595215,0.6779322028160095,0.42769119143486023,0.9852868318557739,0.011779790744185448,0.6682404279708862,0.2768729627132416,0.9120520949363708,0.6026058793067932,0.44625407457351685,0.3061889111995697,0.41693809628486633,1.4256526231765747,0.6777067184448242,0.5403300523757935,0.6830826997756958,0.6450421214103699,0.49768882989883423,7.802299976348877,0.017593758180737495,0.02352570928633213,0.022067803889513016,0.02159012109041214,0.018086159601807594,0.03486502543091774,0.3183977007865906,0.5961840748786926,0.459023654460907,0.3859405815601349,0.33381229639053345,0.43332305550575256,0.11186148971319199,0.11779387295246124,0.11538857966661453,0.11793447285890579,0.11112255603075027,0.14282573759555817,0.02742292918264866,0.029979180544614792,0.02904418855905533,0.02779649756848812,0.026638366281986237,0.034693703055381775,0.07259642332792282,0.08249182254076004,0.07487592101097107,0.07253682613372803,0.07121995836496353,0.0813278928399086,0.6885752081871033,0.5419232249259949,0.5537861585617065,0.6634520292282104,0.6850950121879578,0.6968551874160767,0.6540396213531494,0.4922071397304535
12,610,34.5,28.196807861328125,33.30718231201172,34.86037063598633,34.613033294677734,32.941490173339844,1.4524081945419312,7.455949306488037,0.01612095721065998,0.026290450245141983,0.024740442633628845,0.019949156790971756,0.017192568629980087,0.04160584136843681,0.27534571290016174,0.738404393196106,0.4620014727115631,0.35852789878845215,0.29170915484428406,0.4349045157432556,0.09239312261343002,0.1089634820818901,0.10401486605405807,0.0985211431980133,0.09362462908029556,0.13938789069652557,0.028078477829694748,0.030645912513136864,0.02946498803794384,0.028725864365696907,0.028640754520893097,0.03453855589032173,0.06419330090284348,0.07030292600393295,0.06463200598955154,0.06532711535692215,0.06466463953256607,0.06913468986749649,,,,,,,,,,,,,,,,,,,,,,,,,,,,,,,,,,,,,,,,,,,,,,,,,,,,,,,,,,,,,
13,649,,,,,,,,,,,,,,,,,,,,,,,,,,,,,,,,,,,,,,,9.999999747378752e-05,9.999999747378752e-05,3.232564267818816e-06,,,,,,,,,,,,,,,,,,,,,,,,,,,,,,,,,,,,,,,,,,,,,,,,,,,,,,,,,,
13,657,,,,,,,,,,,,,,,,,,,,,,,,,,,,,,,,,,,,,,,,,,0.9851999282836914,0.1453574001789093,0.6951362490653992,0.4742903709411621,0.986283004283905,0.01577020436525345,0.65999436378479,0.31596091389656067,1.1302931308746338,0.6123778223991394,0.4429967403411865,0.3355048894882202,0.4136807918548584,1.618525743484497,0.6871074438095093,0.5476481318473816,0.6753935813903809,0.6374598741531372,0.49835285544395447,7.85520076751709,0.017510078847408295,0.025450795888900757,0.02456856518983841,0.022418752312660217,0.01824338547885418,0.035550978034734726,0.3124922811985016,0.6811749935150146,0.47169336676597595,0.3910255432128906,0.32176363468170166,0.4577611982822418,0.10800277441740036,0.12290522456169128,0.11983119696378708,0.11687725782394409,0.11083303391933441,0.1461849957704544,0.025957392528653145,0.028349634259939194,0.02596612274646759,0.02691372111439705,0.02592909149825573,0.03245091065764427,0.07210735976696014,0.07763848453760147,0.06831484287977219,0.07840418815612793,0.06901980191469193,0.0792100727558136,0.6876428723335266,0.5503395199775696,0.5677501559257507,0.6717298626899719,0.6934860348701477,0.6399737000465393,0.6487106084823608,0.5012366771697998
13,657,34.3138313293457,27.05984115600586,33.541221618652344,35.02925491333008,34.365692138671875,33.26861572265625,0.9760396480560303,7.483506202697754,0.015297040343284607,0.02608603425323963,0.024391116574406624,0.020633863285183907,0.016755161806941032,0.0385819748044014,0.2794410288333893,0.7301598191261292,0.45567286014556885,0.3657786548137665,0.2968616783618927,0.42995214462280273,0.09398990124464035,0.10974239557981491,0.10561029613018036,0.10225754231214523,0.09685058891773224,0.1376652866601944,0.0285196490585804,0.030827194452285767,0.02966926246881485,0.028806259855628014,0.028462810441851616,0.03325018659234047,0.06474164128303528,0.0708228349685669,0.06659943610429764,0.06624505668878555,0.06536844372749329,0.07162365317344666,,,,,,,,,,,,,,,,,,,,,,,,,,,,,,,,,,,,,,,,,,,,,,,,,,,,,,,,,,,,,
14,699,,,,,,,,,,,,,,,,,,,,,,,,,,,,,,,,,,,,,,,9.999999747378752e-05,9.999999747378752e-05,3.232564267818816e-06,,,,,,,,,,,,,,,,,,,,,,,,,,,,,,,,,,,,,,,,,,,,,,,,,,,,,,,,,,
14,704,,,,,,,,,,,,,,,,,,,,,,,,,,,,,,,,,,,,,,,,,,0.9844467043876648,0.19600263237953186,0.7140868306159973,0.3651743233203888,0.9864892363548279,0.016413599252700806,0.6502702832221985,0.3094462454319,1.5081433057785034,0.5146579742431641,0.40716612339019775,0.319218248128891,0.39413681626319885,1.329593539237976,0.680946409702301,0.5466907620429993,0.6730037331581116,0.6463854312896729,0.5032745003700256,7.745774745941162,0.015865152701735497,0.021234918385744095,0.022941451519727707,0.01941896788775921,0.01606163941323757,0.03509484976530075,0.30010131001472473,0.6902891993522644,0.44549793004989624,0.37640029191970825,0.32494091987609863,0.4374983012676239,0.10717222094535828,0.11213754862546921,0.11242588609457016,0.10940726846456528,0.10502014309167862,0.14440293610095978,0.02782362513244152,0.029699228703975677,0.028131555765867233,0.027384702116250992,0.02740355208516121,0.032925672829151154,0.0711611807346344,0.0772285982966423,0.07512903958559036,0.07528379559516907,0.07334213703870773,0.08185272663831711,0.6725711822509766,0.5437688827514648,0.5529823303222656,0.6710854768753052,0.6732602715492249,0.6455349922180176,0.6488233804702759,0.4940223693847656
14,704,33.84840393066406,23.481382369995117,34.09308624267578,34.61037063598633,33.95212936401367,32.7885627746582,1.1400831937789917,7.36417818069458,0.01603383757174015,0.025659695267677307,0.02493910677731037,0.021575378254055977,0.017273753881454468,0.037591077387332916,0.27503252029418945,0.7471688389778137,0.46000751852989197,0.375176340341568,0.2953434884548187,0.42949140071868896,0.09233365207910538,0.10580040514469147,0.1035698652267456,0.09860865771770477,0.0936267226934433,0.13341420888900757,0.027295267209410667,0.029610222205519676,0.02851874940097332,0.027785973623394966,0.027575891464948654,0.03174426779150963,0.06328511238098145,0.06601394712924957,0.06393317133188248,0.06442075222730637,0.06197039783000946,0.07022374123334885,,,,,,,,,,,,,,,,,,,,,,,,,,,,,,,,,,,,,,,,,,,,,,,,,,,,,,,,,,,,,
15,749,,,,,,,,,,,,,,,,,,,,,,,,,,,,,,,,,,,,,,,9.999999747378752e-05,9.999999747378752e-05,3.232564267818816e-06,,,,,,,,,,,,,,,,,,,,,,,,,,,,,,,,,,,,,,,,,,,,,,,,,,,,,,,,,,
15,751,,,,,,,,,,,,,,,,,,,,,,,,,,,,,,,,,,,,,,,,,,0.9854748249053955,0.21358397603034973,0.7033809423446655,0.4409765899181366,0.9856046438217163,0.017645008862018585,0.6662245988845825,0.31270357966423035,1.3127036094665527,0.7100977301597595,0.41693809628486633,0.31596091389656067,0.4136807918548584,1.383806586265564,0.6868175864219666,0.5533353686332703,0.6799733638763428,0.6498572826385498,0.5059194564819336,8.030457496643066,0.018227707594633102,0.025442931801080704,0.023984359577298164,0.020747724920511246,0.01667272299528122,0.04005754739046097,0.3173801600933075,0.7648673057556152,0.505413293838501,0.4080701470375061,0.32421934604644775,0.4420681297779083,0.10706686973571777,0.12056507170200348,0.11607431620359421,0.1100817397236824,0.10616348683834076,0.14871777594089508,0.02690565586090088,0.028667276725172997,0.02770829200744629,0.027680160477757454,0.027159349992871284,0.033164139837026596,0.07238457351922989,0.08016720414161682,0.0769314244389534,0.07355287671089172,0.06853656470775604,0.08222933858633041,0.7045435905456543,0.5577776432037354,0.5896392464637756,0.6820889711380005,0.7033042311668396,0.6451820731163025,0.6698474884033203,0.5009551644325256
15,751,33.76595687866211,23.93484115600586,33.3763313293457,34.37234115600586,33.91755294799805,32.9375,1.104758858680725,7.390085220336914,0.01466213259845972,0.025338880717754364,0.025524189695715904,0.020060433074831963,0.016330299898982048,0.03927069902420044,0.270749568939209,0.7478945851325989,0.4667520821094513,0.38145074248313904,0.29188457131385803,0.428080290555954,0.0885695368051529,0.10565593093633652,0.10372209548950195,0.09762584418058395,0.09159822016954422,0.1350630223751068,0.028098370879888535,0.03124670311808586,0.02971096709370613,0.028757013380527496,0.028141820803284645,0.032829221338033676,0.0630430057644844,0.06757234781980515,0.06441774219274521,0.0631481483578682,0.06217266246676445,0.07143619656562805,,,,,,,,,,,,,,,,,,,,,,,,,,,,,,,,,,,,,,,,,,,,,,,,,,,,,,,,,,,,,
16,798,,,,,,,,,,,,,,,,,,,,,,,,,,,,,,,,,,,,,,,,,,0.987458348274231,0.18555593490600586,0.7263543009757996,0.3467065989971161,0.9851136207580566,0.019601697102189064,0.6573723554611206,0.2833876311779022,1.0814331769943237,0.5960912108421326,0.40390878915786743,0.32573288679122925,0.3973941504955292,1.216004729270935,0.6927200555801392,0.5560896396636963,0.6780522465705872,0.6624554991722107,0.5103219747543335,7.613351821899414,0.016461515799164772,0.02146393060684204,0.023267263546586037,0.019093669950962067,0.017322180792689323,0.03232250362634659,0.2987346947193146,0.6480050683021545,0.4737958014011383,0.3780226707458496,0.3167540729045868,0.41056028008461,0.10476228594779968,0.11391210556030273,0.11590839922428131,0.10979755967855453,0.1066741794347763,0.13601693511009216,0.027401836588978767,0.028563644737005234,0.027168696746230125,0.026396431028842926,0.027058186009526253,0.03217080608010292,0.0723840519785881,0.07823453843593597,0.07272699475288391,0.06894472986459732,0.07036649435758591,0.08131998032331467,0.6830255389213562,0.5417984127998352,0.5443291068077087,0.6750158071517944,0.6865610480308533,0.6404220461845398,0.6377973556518555,0.5020325183868408
16,798,34.26462936401367,25.724733352661133,34.05984115600586,34.54521179199219,34.381649017333984,33.23670196533203,0.9179850816726685,7.428433895111084,0.015346279367804527,0.025474997237324715,0.025400934740900993,0.02097322605550289,0.0163829755038023,0.03887020796537399,0.2740894854068756,0.7315635085105896,0.4712531864643097,0.3816436529159546,0.2892950773239136,0.4320303797721863,0.09037774801254272,0.10622195154428482,0.10520284622907639,0.09899947047233582,0.09239248186349869,0.13649742305278778,0.027935808524489403,0.02996281161904335,0.029283931478857994,0.02852785773575306,0.028129592537879944,0.032465558499097824,0.06440389156341553,0.06919224560260773,0.06550214439630508,0.06588394194841385,0.06343724578619003,0.07066099345684052,,,,,,,,,,,,,,,,,,,,,,,,,,,,,,,,,,,,,,,,,,,,,,,,,,,,,,,,,,,,,
17,799,,,,,,,,,,,,,,,,,,,,,,,,,,,,,,,,,,,,,,,9.999999747378752e-05,9.999999747378752e-05,3.232564267818816e-06,,,,,,,,,,,,,,,,,,,,,,,,,,,,,,,,,,,,,,,,,,,,,,,,,,,,,,,,,,
17,845,,,,,,,,,,,,,,,,,,,,,,,,,,,,,,,,,,,,,,,,,,0.9869019985198975,0.14921174943447113,0.71834397315979,0.36179879307746887,0.9813253879547119,0.036087702959775925,0.6319001913070679,0.30293160676956177,0.9706840515136719,0.5863192081451416,0.4788273572921753,0.3322475552558899,0.423452764749527,1.7248106002807617,0.688753604888916,0.5537694692611694,0.6815940141677856,0.6495965123176575,0.5074467658996582,7.850286960601807,0.01625785045325756,0.022287778556346893,0.02338331751525402,0.021781135350465775,0.015874983742833138,0.03386407345533371,0.31241464614868164,0.5862581133842468,0.441096693277359,0.42618468403816223,0.3285194933414459,0.4238736629486084,0.10238002985715866,0.11543547362089157,0.11873356997966766,0.11372876167297363,0.1042633205652237,0.13762728869915009,0.02943614311516285,0.03267821669578552,0.029567379504442215,0.029713327065110207,0.02915322408080101,0.03374683856964111,0.07634752988815308,0.08641491830348969,0.0789991095662117,0.07615651190280914,0.07383109629154205,0.08002731949090958,0.6726778149604797,0.5389449596405029,0.5387474894523621,0.6742856502532959,0.6362866163253784,0.650972306728363,0.621440589427948,0.49383628368377686
17,845,34.60771179199219,25.244680404663086,34.47074508666992,35.04388427734375,34.740692138671875,33.57978820800781,0.9790087938308716,7.679093837738037,0.01647426187992096,0.026411794126033783,0.02755419723689556,0.021943949162960052,0.01774289831519127,0.03860050439834595,0.2845737636089325,0.7657935619354248,0.512902021408081,0.4131797254085541,0.3074047565460205,0.42804232239723206,0.0937705785036087,0.1098194494843483,0.11074546724557877,0.10229150950908661,0.09643971920013428,0.13575056195259094,0.02886279858648777,0.03183360397815704,0.0302998386323452,0.0291922464966774,0.028797529637813568,0.03311397507786751,0.06555163860321045,0.06913825124502182,0.0664399117231369,0.06651747971773148,0.06448294967412949,0.07095509022474289,,,,,,,,,,,,,,,,,,,,,,,,,,,,,,,,,,,,,,,,,,,,,,,,,,,,,,,,,,,,,
18,849,,,,,,,,,,,,,,,,,,,,,,,,,,,,,,,,,,,,,,,9.999999747378752e-05,9.999999747378752e-05,3.232564267818816e-06,,,,,,,,,,,,,,,,,,,,,,,,,,,,,,,,,,,,,,,,,,,,,,,,,,,,,,,,,,
18,892,,,,,,,,,,,,,,,,,,,,,,,,,,,,,,,,,,,,,,,,,,0.9861164689064026,0.17892900109291077,0.6689675450325012,0.42350560426712036,0.9844819903373718,0.03147011250257492,0.6625326871871948,0.2964169383049011,1.0553746223449707,0.5504885911941528,0.4657980501651764,0.34201955795288086,0.423452764749527,1.0165082216262817,0.687859833240509,0.5533387660980225,0.6807134747505188,0.6561500430107117,0.508576512336731,7.800004482269287,0.017598047852516174,0.021471058949828148,0.021766507998108864,0.021431660279631615,0.01778523623943329,0.03662558272480965,0.3173965513706207,0.6061287522315979,0.43592000007629395,0.41248542070388794,0.32348546385765076,0.4595523178577423,0.10907544195652008,0.12168296426534653,0.11833910644054413,0.11523731797933578,0.10846109688282013,0.1475561261177063,0.025776050984859467,0.029118720442056656,0.027242450043559074,0.02788768894970417,0.026078078895807266,0.03316880762577057,0.06781782954931259,0.08259767293930054,0.07634366303682327,0.07669490575790405,0.0691581517457962,0.08230409026145935,0.6979129910469055,0.5455784797668457,0.5611675977706909,0.6674357652664185,0.656994640827179,0.6894242763519287,0.6555226445198059,0.500387966632843
18,892,34.26728820800781,22.43617057800293,34.1489372253418,34.82313919067383,34.36968231201172,33.47074508666992,0.8682371377944946,7.478391170501709,0.014722342602908611,0.024745987728238106,0.02502853237092495,0.02066950686275959,0.0159944798797369,0.0384460873901844,0.27289247512817383,0.7708331942558289,0.4849046468734741,0.4018864631652832,0.2942321300506592,0.4552992880344391,0.08669806271791458,0.10460430383682251,0.10544729232788086,0.09652254730463028,0.08892449736595154,0.13170292973518372,0.028254328295588493,0.031215641647577286,0.02983509562909603,0.029191484674811363,0.028336089104413986,0.03304717317223549,0.0625602975487709,0.06906681507825851,0.066216379404068,0.06431670486927032,0.06254702806472778,0.06991485506296158,,,,,,,,,,,,,,,,,,,,,,,,,,,,,,,,,,,,,,,,,,,,,,,,,,,,,,,,,,,,,
19,899,,,,,,,,,,,,,,,,,,,,,,,,,,,,,,,,,,,,,,,9.999999747378752e-05,9.999999747378752e-05,3.232564267818816e-06,,,,,,,,,,,,,,,,,,,,,,,,,,,,,,,,,,,,,,,,,,,,,,,,,,,,,,,,,,
19,939,,,,,,,,,,,,,,,,,,,,,,,,,,,,,,,,,,,,,,,,,,0.98451167345047,0.2082512527704239,0.6918507814407349,0.4387960433959961,0.9875624775886536,0.031507376581430435,0.682079553604126,0.267100989818573,0.9804560542106628,0.5504885911941528,0.4006514549255371,0.2931596040725708,0.5016286373138428,1.262860894203186,0.7018823623657227,0.5574265718460083,0.6828402876853943,0.6618789434432983,0.5131757855415344,7.506631374359131,0.015820516273379326,0.020148882642388344,0.021679582074284554,0.01952626183629036,0.015306119807064533,0.03533756732940674,0.30236029624938965,0.6283799409866333,0.44881725311279297,0.39876559376716614,0.3096255958080292,0.4626536965370178,0.10334696620702744,0.10817314684391022,0.11048483103513718,0.10893494635820389,0.101374551653862,0.13627193868160248,0.027563583105802536,0.028494838625192642,0.027463123202323914,0.028735198080539703,0.02793176658451557,0.03258775174617767,0.06484323740005493,0.07179895043373108,0.06908535957336426,0.07129503041505814,0.06728300452232361,0.07887056469917297,0.7105944752693176,0.5570799708366394,0.5571112036705017,0.6828713417053223,0.7097439765930176,0.6824798583984375,0.6649697422981262,0.5096579790115356
19,939,34.46675491333008,23.956117630004883,34.2486686706543,34.65824508666992,34.3989372253418,32.92951965332031,0.5347071886062622,7.29150915145874,0.015118896961212158,0.024222979322075844,0.02279270440340042,0.020501524209976196,0.016407230868935585,0.0435190387070179,0.2687219977378845,0.7666170597076416,0.475828617811203,0.3794274926185608,0.28512683510780334,0.4591214060783386,0.0858185812830925,0.10139259696006775,0.09892778843641281,0.0941023901104927,0.0880902037024498,0.13655857741832733,0.026726331561803818,0.029567018151283264,0.028196536004543304,0.0272572822868824,0.02702200599014759,0.03149406984448433,0.05930272117257118,0.06476585566997528,0.06379631161689758,0.0613742396235466,0.05981140956282616,0.06750141829252243,,,,,,,,,,,,,,,,,,,,,,,,,,,,,,,,,,,,,,,,,,,,,,,,,,,,,,,,,,,,,
20,949,,,,,,,,,,,,,,,,,,,,,,,,,,,,,,,,,,,,,,,9.999999747378752e-05,9.999999747378752e-05,3.232564267818816e-06,,,,,,,,,,,,,,,,,,,,,,,,,,,,,,,,,,,,,,,,,,,,,,,,,,,,,,,,,,
20,986,,,,,,,,,,,,,,,,,,,,,,,,,,,,,,,,,,,,,,,,,,0.9884660840034485,0.20895232260227203,0.6960956454277039,0.3987886905670166,0.9855749607086182,0.023591406643390656,0.6967043876647949,0.2964169383049011,0.9706840515136719,0.5863192081451416,0.3745928406715393,0.2931596040725708,0.43322476744651794,1.0382237434387207,0.7035552859306335,0.5606000423431396,0.6821078658103943,0.6667521595954895,0.5163667798042297,7.729160785675049,0.018117880448698997,0.02466893196105957,0.019322456791996956,0.019122781231999397,0.017337247729301453,0.057161442935466766,0.3150142729282379,0.6259950399398804,0.4376928508281708,0.36413463950157166,0.3253307640552521,0.4832460880279541,0.10636745393276215,0.11378607153892517,0.10887452960014343,0.11133815348148346,0.10723837465047836,0.1628161370754242,0.02766987308859825,0.028250280767679214,0.026193242520093918,0.026898188516497612,0.026876604184508324,0.03151773661375046,0.06614316999912262,0.07482758909463882,0.06744088232517242,0.07204806059598923,0.07190773636102676,0.07587691396474838,0.7063801288604736,0.5502448678016663,0.544813871383667,0.6888405084609985,0.7800888419151306,0.6874306201934814,0.6760388016700745,0.5179972648620605
20,986,34.57712936401367,23.413564682006836,33.84840393066406,35.259307861328125,34.7114372253418,33.055850982666016,0.6585953235626221,7.1133904457092285,0.014213813468813896,0.023150136694312096,0.02166115492582321,0.01772579550743103,0.014734690077602863,0.04038255661725998,0.2617509067058563,0.7593801021575928,0.4773838222026825,0.3478352129459381,0.27331292629241943,0.44625553488731384,0.08427505940198898,0.09944335371255875,0.09614585340023041,0.0903816968202591,0.08543816953897476,0.13146312534809113,0.027065971866250038,0.029352081939578056,0.028334535658359528,0.027550730854272842,0.02721530757844448,0.03177481144666672,0.0592634379863739,0.06362730264663696,0.062457747757434845,0.06031521409749985,0.059241533279418945,0.06656824797391891,,,,,,,,,,,,,,,,,,,,,,,,,,,,,,,,,,,,,,,,,,,,,,,,,,,,,,,,,,,,,
21,999,,,,,,,,,,,,,,,,,,,,,,,,,,,,,,,,,,,,,,,9.999999747378752e-05,9.999999747378752e-05,3.232564267818816e-06,,,,,,,,,,,,,,,,,,,,,,,,,,,,,,,,,,,,,,,,,,,,,,,,,,,,,,,,,,
21,1033,,,,,,,,,,,,,,,,,,,,,,,,,,,,,,,,,,,,,,,,,,0.9888039231300354,0.20557163655757904,0.7107827663421631,0.4346752166748047,0.9870093464851379,0.01877906545996666,0.6894222497940063,0.26058632135391235,0.9250814318656921,0.5439739227294922,0.3876221477985382,0.2801302969455719,0.4429967403411865,1.2947955131530762,0.7020653486251831,0.5615152716636658,0.6939005255699158,0.6683101654052734,0.5195664763450623,7.438440799713135,0.015300718136131763,0.02170386165380478,0.022804928943514824,0.01940593123435974,0.016813308000564575,0.032226819545030594,0.2938185930252075,0.570311427116394,0.4447864592075348,0.39102330803871155,0.3078635036945343,0.4340011179447174,0.10389924049377441,0.11088643968105316,0.11313854157924652,0.1073797270655632,0.10217516869306564,0.13694219291210175,0.026527632027864456,0.028070464730262756,0.027904128655791283,0.02668985165655613,0.02724289707839489,0.03124185837805271,0.06704096496105194,0.07505228370428085,0.07216403633356094,0.07249034196138382,0.07189059257507324,0.07498794049024582,0.7121272087097168,0.557603657245636,0.5515390634536743,0.6859968900680542,0.7074428200721741,0.6967216730117798,0.6816415786743164,0.5165186524391174
21,1033,35.118350982666016,23.660903930664062,35.650264739990234,35.441490173339844,35.087764739990234,33.868350982666016,0.7891738414764404,7.254274368286133,0.015347365289926529,0.022362813353538513,0.021899526938796043,0.018945297226309776,0.016712993383407593,0.04034153372049332,0.27193108201026917,0.7628405094146729,0.4677314758300781,0.35708221793174744,0.28825393319129944,0.44748932123184204,0.08784398436546326,0.10043831914663315,0.09922672808170319,0.09541497379541397,0.09097867459058762,0.1355663537979126,0.02693021483719349,0.029168831184506416,0.02801785245537758,0.027475649490952492,0.026908671483397484,0.03231780230998993,0.06127939000725746,0.06498009711503983,0.06349745392799377,0.06282617151737213,0.06097611412405968,0.06801401078701019,,,,,,,,,,,,,,,,,,,,,,,,,,,,,,,,,,,,,,,,,,,,,,,,,,,,,,,,,,,,,
22,1049,,,,,,,,,,,,,,,,,,,,,,,,,,,,,,,,,,,,,,,9.999999747378752e-05,9.999999747378752e-05,3.232564267818816e-06,,,,,,,,,,,,,,,,,,,,,,,,,,,,,,,,,,,,,,,,,,,,,,,,,,,,,,,,,,
22,1080,,,,,,,,,,,,,,,,,,,,,,,,,,,,,,,,,,,,,,,,,,0.9877095222473145,0.16539545357227325,0.7027191519737244,0.495230495929718,0.9840876460075378,0.0383882112801075,0.6713904142379761,0.27035829424858093,0.8794788122177124,0.49837133288383484,0.3876221477985382,0.28664496541023254,0.35179153084754944,0.9836190342903137,0.71274334192276,0.5709937214851379,0.6950724124908447,0.6638588905334473,0.5178129076957703,7.203403472900391,0.015088516287505627,0.019121959805488586,0.019329290837049484,0.019719166681170464,0.01598028652369976,0.027665846049785614,0.30458131432533264,0.5125918388366699,0.407637357711792,0.3756491243839264,0.31191834807395935,0.38210636377334595,0.1035018190741539,0.10708478093147278,0.10580819845199585,0.10771381855010986,0.10020867735147476,0.1253400593996048,0.02733241766691208,0.027381742373108864,0.027033209800720215,0.02639378234744072,0.02632910944521427,0.031699057668447495,0.07405688613653183,0.07411614805459976,0.06835084408521652,0.07010672241449356,0.06912549585103989,0.08309033513069153,0.7073760032653809,0.5622550845146179,0.5959805846214294,0.7000032067298889,0.6929582953453064,0.669077455997467,0.6500380039215088,0.5118584036827087
22,1080,34.82845687866211,26.42420196533203,34.962764739990234,34.746009826660156,34.84840393066406,33.930850982666016,0.7322512865066528,7.033262729644775,0.01434346754103899,0.0233251191675663,0.023076049983501434,0.018580801784992218,0.015322748571634293,0.036906272172927856,0.2637506425380707,0.6888318061828613,0.4498146176338196,0.35251080989837646,0.2763995826244354,0.38950875401496887,0.08520591259002686,0.09929157793521881,0.09762213379144669,0.09135893732309341,0.08633725345134735,0.12585116922855377,0.02779579721391201,0.030324233695864677,0.02928937040269375,0.02843077853322029,0.02787393145263195,0.03317764028906822,0.06085025891661644,0.06617419421672821,0.06367363035678864,0.061194516718387604,0.060299377888441086,0.06758428364992142,,,,,,,,,,,,,,,,,,,,,,,,,,,,,,,,,,,,,,,,,,,,,,,,,,,,,,,,,,,,,
23,1099,,,,,,,,,,,,,,,,,,,,,,,,,,,,,,,,,,,,,,,9.999999747378752e-05,9.999999747378752e-05,3.232564267818816e-06,,,,,,,,,,,,,,,,,,,,,,,,,,,,,,,,,,,,,,,,,,,,,,,,,,,,,,,,,,
23,1127,,,,,,,,,,,,,,,,,,,,,,,,,,,,,,,,,,,,,,,,,,0.9869952201843262,0.14972086250782013,0.7185644507408142,0.4485471248626709,0.9839072823524475,0.03537454083561897,0.6831789016723633,0.32573288679122925,0.534201979637146,0.41693809628486633,0.39087948203086853,0.3094462454319,0.35504886507987976,0.8567101359367371,0.7148081660270691,0.5663962364196777,0.7078753113746643,0.6647322177886963,0.5171209573745728,7.403231143951416,0.01702345535159111,0.021222585812211037,0.023087630048394203,0.017337193712592125,0.016439467668533325,0.03627387434244156,0.30879896879196167,0.48917168378829956,0.3764519989490509,0.3566083610057831,0.31592491269111633,0.40263235569000244,0.10265497863292694,0.11160414665937424,0.11428352445363998,0.1017596498131752,0.1009112149477005,0.13728216290473938,0.02716858685016632,0.029371336102485657,0.028411678969860077,0.027660751715302467,0.02712559700012207,0.031185174360871315,0.07388456165790558,0.08026444911956787,0.08002068847417831,0.07636105269193649,0.07300204038619995,0.07749031484127045,0.7092530131340027,0.5538516044616699,0.5668128132820129,0.682517945766449,0.7122253179550171,0.6804243922233582,0.6707751154899597,0.5108522772789001
23,1127,35.259307861328125,30.21808433532715,34.72074508666992,35.27792739868164,35.27792739868164,33.82712936401367,0.4331202805042267,6.909059047698975,0.013667507097125053,0.023171691223978996,0.02143234573304653,0.017261693254113197,0.014777617529034615,0.036007534712553024,0.26147547364234924,0.6565338373184204,0.41908714175224304,0.33952799439430237,0.27075129747390747,0.3946496248245239,0.0833023339509964,0.09861168265342712,0.09542901813983917,0.089688241481781,0.085617795586586,0.12406644225120544,0.026755915954709053,0.02972475066781044,0.0281214639544487,0.027224188670516014,0.027073822915554047,0.030408969148993492,0.0631212666630745,0.06698129326105118,0.06476444751024246,0.0626319944858551,0.0629526749253273,0.06664100289344788,,,,,,,,,,,,,,,,,,,,,,,,,,,,,,,,,,,,,,,,,,,,,,,,,,,,,,,,,,,,,
24,1149,,,,,,,,,,,,,,,,,,,,,,,,,,,,,,,,,,,,,,,9.999999747378752e-05,9.999999747378752e-05,3.232564267818816e-06,,,,,,,,,,,,,,,,,,,,,,,,,,,,,,,,,,,,,,,,,,,,,,,,,,,,,,,,,,
24,1174,,,,,,,,,,,,,,,,,,,,,,,,,,,,,,,,,,,,,,,,,,0.9859228730201721,0.15994355082511902,0.7016982436180115,0.4371567368507385,0.9865348935127258,0.03853984549641609,0.6522001028060913,0.27035829424858093,0.6221498250961304,0.4429967403411865,0.37785017490386963,0.28664496541023254,0.35504886507987976,1.0093493461608887,0.7171261310577393,0.5675791501998901,0.7021136283874512,0.6700831651687622,0.5187674760818481,7.471362590789795,0.015782305970788002,0.02291208691895008,0.024747101590037346,0.017735477536916733,0.01698666624724865,0.03867668658494949,0.30709847807884216,0.5195282697677612,0.41832640767097473,0.3579808473587036,0.3216291666030884,0.4175836145877838,0.10319756716489792,0.11474061757326126,0.11665567010641098,0.10783163458108902,0.10143682360649109,0.143905371427536,0.028270848095417023,0.029350895434617996,0.027936501428484917,0.028590122237801552,0.027089407667517662,0.032641950994729996,0.0706014335155487,0.0752149373292923,0.07183327525854111,0.07414223998785019,0.06938007473945618,0.07884377986192703,0.7061375975608826,0.5516327023506165,0.5478283762931824,0.709125280380249,0.6601797938346863,0.681840717792511,0.6348888278007507,0.5055954456329346
24,1174,34.386966705322266,28.64095687866211,33.7739372253418,34.412235260009766,34.23670196533203,33.28590393066406,0.5725498795509338,6.957840919494629,0.013820269145071507,0.022905880585312843,0.021877553313970566,0.01695496216416359,0.015803545713424683,0.03603495657444,0.2711733877658844,0.666069746017456,0.4270837604999542,0.3290400803089142,0.28376147150993347,0.40182462334632874,0.08547282963991165,0.10077343881130219,0.09773560613393784,0.09133287519216537,0.0889047384262085,0.12671202421188354,0.028422627598047256,0.030740024521946907,0.02914072573184967,0.02848897874355316,0.028136759996414185,0.03197021782398224,0.061025671660900116,0.06385724991559982,0.062406621873378754,0.06034208461642265,0.06037002429366112,0.06710647791624069,,,,,,,,,,,,,,,,,,,,,,,,,,,,,,,,,,,,,,,,,,,,,,,,,,,,,,,,,,,,,
25,1199,,,,,,,,,,,,,,,,,,,,,,,,,,,,,,,,,,,,,,,9.999999747378752e-05,9.999999747378752e-05,3.232564267818816e-06,,,,,,,,,,,,,,,,,,,,,,,,,,,,,,,,,,,,,,,,,,,,,,,,,,,,,,,,,,
25,1221,,,,,,,,,,,,,,,,,,,,,,,,,,,,,,,,,,,,,,,,,,0.9844816327095032,0.20473206043243408,0.7288879156112671,0.46426472067832947,0.9843499064445496,0.03403645008802414,0.6722558736801147,0.267100989818573,0.5830618739128113,0.5016286373138428,0.3745928406715393,0.2833876311779022,0.36482083797454834,0.7481324672698975,0.7160555720329285,0.5672305226325989,0.7093617916107178,0.6668848991394043,0.5191422700881958,7.359474182128906,0.01597863808274269,0.02132435142993927,0.024163004010915756,0.018194157630205154,0.016167933121323586,0.03285964950919151,0.30849313735961914,0.525583803653717,0.4360808730125427,0.36382782459259033,0.31675371527671814,0.4185985326766968,0.10121013224124908,0.10727450251579285,0.1131717637181282,0.10562803596258163,0.10108880698680878,0.13037441670894623,0.025677170604467392,0.02731608785688877,0.026024362072348595,0.025978175923228264,0.026300230994820595,0.031917210668325424,0.07055658102035522,0.08115639537572861,0.07181034982204437,0.07378793507814407,0.06848834455013275,0.07682771980762482,0.7328048944473267,0.5667921304702759,0.5635465383529663,0.6961040496826172,0.7128061056137085,0.6664732694625854,0.6506690382957458,0.507579505443573
25,1221,35.05718231201172,28.336435317993164,35.53058624267578,35.17154312133789,35.121009826660156,33.60904312133789,0.5266261100769043,6.9413161277771,0.01445566862821579,0.023529089987277985,0.023610662668943405,0.017337171360850334,0.015667712315917015,0.03733973205089569,0.26776063442230225,0.6606900095939636,0.4430970549583435,0.33930703997612,0.28149086236953735,0.41341400146484375,0.08655738085508347,0.09971295297145844,0.0986146405339241,0.091257743537426,0.08770521730184555,0.12775982916355133,0.026330308988690376,0.029053406789898872,0.027630172669887543,0.026761522516608238,0.02627934329211712,0.031013544648885727,0.05994461104273796,0.0644766241312027,0.06235073506832123,0.060662366449832916,0.059144049882888794,0.06488137692213058,,,,,,,,,,,,,,,,,,,,,,,,,,,,,,,,,,,,,,,,,,,,,,,,,,,,,,,,,,,,,
26,1249,,,,,,,,,,,,,,,,,,,,,,,,,,,,,,,,,,,,,,,9.999999747378752e-05,9.999999747378752e-05,3.232564267818816e-06,,,,,,,,,,,,,,,,,,,,,,,,,,,,,,,,,,,,,,,,,,,,,,,,,,,,,,,,,,
26,1268,,,,,,,,,,,,,,,,,,,,,,,,,,,,,,,,,,,,,,,,,,0.9888625741004944,0.19169652462005615,0.7265358567237854,0.4544173777103424,0.9846928715705872,0.04219047352671623,0.6732015013694763,0.24755699932575226,0.6188924908638,0.43322476744651794,0.42019543051719666,0.2768729627132416,0.35179153084754944,0.812997043132782,0.731269896030426,0.5714353919029236,0.7162911891937256,0.6605449318885803,0.5163429379463196,7.120285987854004,0.015161278657615185,0.019681068137288094,0.02090178057551384,0.018451405689120293,0.015625178813934326,0.02883916348218918,0.3065382242202759,0.4681278169155121,0.3795393705368042,0.38640132546424866,0.3169158697128296,0.40228286385536194,0.09739501774311066,0.10692408680915833,0.11103445291519165,0.1038060337305069,0.0992516502737999,0.12927988171577454,0.027847973629832268,0.02803858183324337,0.026568546891212463,0.02732371725142002,0.025927476584911346,0.03201012685894966,0.07157371193170547,0.07189745455980301,0.0688559040427208,0.06741243600845337,0.07142169028520584,0.07548214495182037,0.7249444723129272,0.5647326111793518,0.5692375302314758,0.697451114654541,0.6960147023200989,0.6804861426353455,0.652373194694519,0.5045663714408875
26,1268,35.20079803466797,29.977394104003906,35.04255294799805,35.59840393066406,35.16888427734375,34.13962936401367,0.6348728537559509,6.965433120727539,0.014863302931189537,0.022747432813048363,0.023551760241389275,0.018328825011849403,0.01563206873834133,0.03633446246385574,0.26191428303718567,0.6585378646850586,0.44007807970046997,0.34412363171577454,0.27374544739723206,0.4027213156223297,0.0889214351773262,0.10091801732778549,0.10111486911773682,0.09723863005638123,0.09092044830322266,0.12753234803676605,0.026771288365125656,0.02900260128080845,0.027604427188634872,0.02733803540468216,0.026830123737454414,0.03153097629547119,0.059572622179985046,0.06567075103521347,0.06123405322432518,0.06181903928518295,0.059551745653152466,0.06582049280405045,,,,,,,,,,,,,,,,,,,,,,,,,,,,,,,,,,,,,,,,,,,,,,,,,,,,,,,,,,,,,
27,1299,,,,,,,,,,,,,,,,,,,,,,,,,,,,,,,,,,,,,,,9.999999747378752e-05,9.999999747378752e-05,3.232564267818816e-06,,,,,,,,,,,,,,,,,,,,,,,,,,,,,,,,,,,,,,,,,,,,,,,,,,,,,,,,,,
27,1315,,,,,,,,,,,,,,,,,,,,,,,,,,,,,,,,,,,,,,,,,,0.9880219101905823,0.20079267024993896,0.7145872116088867,0.447750061750412,0.9863808751106262,0.022865336388349533,0.6681715846061707,0.267100989818573,0.5537459254264832,0.423452764749527,0.371335506439209,0.267100989818573,0.35504886507987976,0.8998591899871826,0.7281271815299988,0.5730141997337341,0.7113232016563416,0.6625354886054993,0.5161782503128052,7.127051830291748,0.01464240811765194,0.02052965760231018,0.01881605014204979,0.0170403141528368,0.014655985869467258,0.036487068980932236,0.3010784387588501,0.47420942783355713,0.37971988320350647,0.3494828939437866,0.30920496582984924,0.44247472286224365,0.09984490275382996,0.11037959158420563,0.10539941489696503,0.10254234820604324,0.09987039119005203,0.13940587639808655,0.026509378105401993,0.02694644033908844,0.02571353316307068,0.025625206530094147,0.025748342275619507,0.03087649494409561,0.06995044648647308,0.07469596713781357,0.07326173782348633,0.06698194891214371,0.0669439509510994,0.07577452808618546,0.7121061682701111,0.5600663423538208,0.5510641932487488,0.6996414661407471,0.6753013730049133,0.6723207235336304,0.657831072807312,0.512550950050354
27,1315,35.3989372253418,31.29920196533203,34.29388427734375,34.98670196533203,35.506649017333984,34.21542739868164,0.7092728018760681,6.781899929046631,0.014248143881559372,0.023411111906170845,0.02290825918316841,0.018013769760727882,0.015300982631742954,0.03327225521206856,0.2677421271800995,0.635341227054596,0.40897056460380554,0.33650094270706177,0.27594321966171265,0.39493030309677124,0.08619285374879837,0.09915442019701004,0.09681534022092819,0.09261544048786163,0.08801639825105667,0.12240391224622726,0.026435667648911476,0.030391259118914604,0.027973098680377007,0.026808885857462883,0.026283668354153633,0.030593467876315117,0.058051250874996185,0.06283967941999435,0.05918421223759651,0.05873517692089081,0.0594884417951107,0.06447555124759674,,,,,,,,,,,,,,,,,,,,,,,,,,,,,,,,,,,,,,,,,,,,,,,,,,,,,,,,,,,,,
28,1349,,,,,,,,,,,,,,,,,,,,,,,,,,,,,,,,,,,,,,,9.999999747378752e-05,9.999999747378752e-05,3.232564267818816e-06,,,,,,,,,,,,,,,,,,,,,,,,,,,,,,,,,,,,,,,,,,,,,,,,,,,,,,,,,,
28,1362,,,,,,,,,,,,,,,,,,,,,,,,,,,,,,,,,,,,,,,,,,0.9888680577278137,0.15523067116737366,0.7239395380020142,0.4618304669857025,0.9858214259147644,0.03992344066500664,0.6798389554023743,0.27361562848091125,0.8110749125480652,0.423452764749527,0.4136807918548584,0.319218248128891,0.5537459254264832,0.8327383399009705,0.7216982245445251,0.5668438076972961,0.7129499912261963,0.6749684810638428,0.5169206261634827,7.426395416259766,0.01631242409348488,0.02139744535088539,0.020594125613570213,0.018146619200706482,0.01660975255072117,0.04190348833799362,0.30482006072998047,0.5183821320533752,0.3797224462032318,0.34823405742645264,0.31342029571533203,0.4666140079498291,0.10134962946176529,0.11131666600704193,0.11130523681640625,0.10780192911624908,0.10495157539844513,0.14188416302204132,0.027302086353302002,0.02776830643415451,0.026891639456152916,0.026166105642914772,0.027061933651566505,0.031932782381772995,0.07241296023130417,0.0769103467464447,0.0750521644949913,0.07151702791452408,0.07139241695404053,0.07822529226541519,0.7186165452003479,0.5592689514160156,0.5466809272766113,0.6919611692428589,0.6827817559242249,0.6839061975479126,0.6470282673835754,0.5077325701713562
28,1362,35.34441375732422,28.783245086669922,35.12765884399414,35.34308624267578,35.308509826660156,34.02659606933594,0.3500460684299469,6.798824787139893,0.013741808012127876,0.023047298192977905,0.02267473004758358,0.01727413758635521,0.0147433802485466,0.03327637538313866,0.2562635838985443,0.6805756688117981,0.42693451046943665,0.325835257768631,0.2684282064437866,0.4049583077430725,0.08332683891057968,0.09843351691961288,0.09587015211582184,0.0887332335114479,0.08516557514667511,0.12128090113401413,0.027075717225670815,0.028695527464151382,0.02798406034708023,0.027484888210892677,0.027033749967813492,0.031104782596230507,0.059536200016736984,0.06269421428442001,0.059901557862758636,0.05931929871439934,0.059346407651901245,0.06310772895812988,,,,,,,,,,,,,,,,,,,,,,,,,,,,,,,,,,,,,,,,,,,,,,,,,,,,,,,,,,,,,
29,1399,,,,,,,,,,,,,,,,,,,,,,,,,,,,,,,,,,,,,,,9.999999747378752e-05,9.999999747378752e-05,3.232564267818816e-06,,,,,,,,,,,,,,,,,,,,,,,,,,,,,,,,,,,,,,,,,,,,,,,,,,,,,,,,,,
29,1409,,,,,,,,,,,,,,,,,,,,,,,,,,,,,,,,,,,,,,,,,,0.9883489012718201,0.19444191455841064,0.7276826500892639,0.4537357985973358,0.9862756729125977,0.01801019161939621,0.6887767314910889,0.2899022698402405,0.6123778223991394,0.4364820718765259,0.38110747933387756,0.3224755823612213,0.8306189179420471,0.812997043132782,0.7244471907615662,0.5711191892623901,0.714893102645874,0.6711995005607605,0.5157575011253357,7.459939479827881,0.015588351525366306,0.022449301555752754,0.020117171108722687,0.0180805791169405,0.016523007303476334,0.03829111158847809,0.298453688621521,0.5344435572624207,0.3934282958507538,0.36305904388427734,0.30884841084480286,0.5583868026733398,0.1020197868347168,0.11758800595998764,0.11037701368331909,0.10787135362625122,0.10270912945270538,0.14221414923667908,0.02678145095705986,0.027679651975631714,0.026580890640616417,0.0266623105853796,0.026792587712407112,0.0319044291973114,0.06948783248662949,0.0681983008980751,0.06630519032478333,0.0706673339009285,0.07365380972623825,0.08178884536027908,0.7146952748298645,0.5614158511161804,0.578154981136322,0.7013267278671265,0.7074689865112305,0.6780059933662415,0.6878336668014526,0.5146611332893372
29,1409,35.3510627746582,28.259307861328125,35.256649017333984,35.5239372253418,35.363033294677734,31.490692138671875,0.35550418496131897,6.966489315032959,0.01331153605133295,0.023035524412989616,0.021991407498717308,0.016734439879655838,0.01411524135619402,0.03826802968978882,0.25672659277915955,0.743379533290863,0.45783254504203796,0.3347052037715912,0.26723140478134155,0.49783164262771606,0.08402853459119797,0.10080686211585999,0.09665454924106598,0.0902361050248146,0.08599236607551575,0.12847574055194855,0.025697853416204453,0.027612322941422462,0.026536226272583008,0.025914564728736877,0.025713542476296425,0.03144775703549385,0.05746490880846977,0.06094029173254967,0.05781330540776253,0.05795228108763695,0.058093756437301636,0.06463594734668732,,,,,,,,,,,,,,,,,,,,,,,,,,,,,,,,,,,,,,,,,,,,,,,,,,,,,,,,,,,,,
30,1449,,,,,,,,,,,,,,,,,,,,,,,,,,,,,,,,,,,,,,,9.999999747378752e-05,9.999999747378752e-05,3.232564267818816e-06,,,,,,,,,,,,,,,,,,,,,,,,,,,,,,,,,,,,,,,,,,,,,,,,,,,,,,,,,,
30,1456,,,,,,,,,,,,,,,,,,,,,,,,,,,,,,,,,,,,,,,,,,0.9895598888397217,0.20075005292892456,0.7293088436126709,0.4323109984397888,0.9861451983451843,0.027048390358686447,0.6777504086494446,0.2931596040725708,0.7980455756187439,0.5374592542648315,0.4299674332141876,0.3094462454319,0.32899022102355957,0.9103602170944214,0.7254169583320618,0.5673574805259705,0.7160860300064087,0.6683806777000427,0.5164111256599426,7.243529796600342,0.013763463124632835,0.02101171389222145,0.01927873305976391,0.017128529027104378,0.014482086524367332,0.03674551844596863,0.29699546098709106,0.5465148687362671,0.40898197889328003,0.400176465511322,0.3113628327846527,0.41571757197380066,0.09692250192165375,0.11121455579996109,0.10664550215005875,0.1029987558722496,0.09694278985261917,0.13517121970653534,0.027410196140408516,0.02716299518942833,0.027294646948575974,0.027195289731025696,0.026843586936593056,0.0319337360560894,0.0691789984703064,0.07227035611867905,0.06746666878461838,0.0724511444568634,0.06642775982618332,0.07475269585847855,0.7295138835906982,0.560853898525238,0.5529435276985168,0.7036540508270264,0.7208839654922485,0.6611313819885254,0.6626805067062378,0.5110047459602356
30,1456,35.24468231201172,26.67420196533203,36.365692138671875,35.449466705322266,35.29255294799805,33.27792739868164,0.39139440655708313,6.787980079650879,0.01325327530503273,0.022104110568761826,0.022066261619329453,0.016081400215625763,0.013682343997061253,0.03975588083267212,0.25203147530555725,0.7112229466438293,0.4404023289680481,0.32159167528152466,0.26545578241348267,0.4576076865196228,0.08074314147233963,0.09612079709768295,0.09382053464651108,0.0870852991938591,0.08163166791200638,0.13012608885765076,0.02559908665716648,0.027262723073363304,0.026764443144202232,0.025899531319737434,0.025666290894150734,0.03121160715818405,0.05635160207748413,0.05926383286714554,0.057268377393484116,0.056672923266887665,0.057253483682870865,0.06396492570638657,,,,,,,,,,,,,,,,,,,,,,,,,,,,,,,,,,,,,,,,,,,,,,,,,,,,,,,,,,,,,
31,1499,,,,,,,,,,,,,,,,,,,,,,,,,,,,,,,,,,,,,,,9.999999747378752e-05,9.999999747378752e-05,3.232564267818816e-06,,,,,,,,,,,,,,,,,,,,,,,,,,,,,,,,,,,,,,,,,,,,,,,,,,,,,,,,,,
31,1503,,,,,,,,,,,,,,,,,,,,,,,,,,,,,,,,,,,,,,,,,,0.9855542182922363,0.2155044674873352,0.7236025929450989,0.4614139497280121,0.9826957583427429,0.030550304800271988,0.6951719522476196,0.2801302969455719,0.7687296271324158,0.4136807918548584,0.3876221477985382,0.30293160676956177,0.3485341966152191,0.7087159752845764,0.7275861501693726,0.569055438041687,0.7202059626579285,0.6696418523788452,0.5177556276321411,7.349607944488525,0.014432315714657307,0.021701376885175705,0.02142559550702572,0.018030788749456406,0.01691967435181141,0.032692115753889084,0.30293533205986023,0.5575665831565857,0.4031357765197754,0.39573565125465393,0.3073526620864868,0.4081665575504303,0.0990683063864708,0.10769659280776978,0.11087750643491745,0.10635149478912354,0.10391319543123245,0.13674519956111908,0.02682039700448513,0.028682056814432144,0.02677641063928604,0.02772093005478382,0.026632007211446762,0.03210882097482681,0.06975021213293076,0.07510965317487717,0.0715557187795639,0.07261057198047638,0.06934519112110138,0.07676831632852554,0.7284424901008606,0.56655353307724,0.5709282159805298,0.7022149562835693,0.6960793137550354,0.7092655301094055,0.6943280696868896,0.5169405341148376
31,1503,35.66090393066406,27.231382369995117,35.61436080932617,36.78324508666992,35.647605895996094,34.35505294799805,0.4360356330871582,6.777498245239258,0.013430830091238022,0.021571854129433632,0.02085476741194725,0.017334451898932457,0.014690499752759933,0.035522155463695526,0.24783846735954285,0.700362503528595,0.4189632534980774,0.36296841502189636,0.26644670963287354,0.3892538547515869,0.08148752897977829,0.09419230371713638,0.0926557332277298,0.08815821260213852,0.08340980857610703,0.12199600785970688,0.02644009329378605,0.02833988517522812,0.027823466807603836,0.02675691246986389,0.02645871974527836,0.03187103942036629,0.05876758694648743,0.06176198646426201,0.05929898843169212,0.05831833556294441,0.059102561324834824,0.0652288869023323,,,,,,,,,,,,,,,,,,,,,,,,,,,,,,,,,,,,,,,,,,,,,,,,,,,,,,,,,,,,,
32,1549,,,,,,,,,,,,,,,,,,,,,,,,,,,,,,,,,,,,,,,9.999999747378752e-05,9.999999747378752e-05,3.232564267818816e-06,,,,,,,,,,,,,,,,,,,,,,,,,,,,,,,,,,,,,,,,,,,,,,,,,,,,,,,,,,
32,1550,,,,,,,,,,,,,,,,,,,,,,,,,,,,,,,,,,,,,,,,,,0.9866302609443665,0.20202317833900452,0.7064199447631836,0.45070406794548035,0.9860137104988098,0.02594444714486599,0.6873449087142944,0.24755699932575226,1.302931547164917,0.47557002305984497,0.3843648135662079,0.27361562848091125,0.37785017490386963,0.7363539934158325,0.7234666347503662,0.5656588077545166,0.7220559120178223,0.6799899339675903,0.517070472240448,7.429303169250488,0.015039731748402119,0.024150434881448746,0.022415699437260628,0.018268486484885216,0.015531760640442371,0.0318772979080677,0.3058634400367737,0.5924046635627747,0.42341604828834534,0.3964346647262573,0.3159256875514984,0.41338738799095154,0.10305579006671906,0.11319326609373093,0.11492521315813065,0.10805340111255646,0.1048160269856453,0.1311870813369751,0.026947859674692154,0.02747381664812565,0.02704860270023346,0.02739710919559002,0.026808612048625946,0.03305022045969963,0.06723958998918533,0.07117607444524765,0.06801106035709381,0.07307036221027374,0.07183457911014557,0.07894011586904526,0.7286831140518188,0.559622585773468,0.562676727771759,0.6957029104232788,0.6928179264068604,0.690549910068512,0.6841733455657959,0.5133325457572937
32,1550,35.228721618652344,22.957447052001953,34.65824508666992,35.65558624267578,35.15292739868164,33.990692138671875,0.5310890674591064,6.854654312133789,0.013797830790281296,0.023016460239887238,0.022163178771734238,0.016633154824376106,0.014633962884545326,0.03423810377717018,0.2533506751060486,0.7447458505630493,0.4474819600582123,0.33405551314353943,0.264213889837265,0.40815824270248413,0.08325371891260147,0.09867022186517715,0.09707149863243103,0.08861513435840607,0.08467797935009003,0.12257023900747299,0.025945188477635384,0.027186356484889984,0.02662401832640171,0.02591785043478012,0.025843683630228043,0.031231563538312912,0.05860789120197296,0.06176194176077843,0.06196022033691406,0.05869626998901367,0.05823963135480881,0.06408897042274475,,,,,,,,,,,,,,,,,,,,,,,,,,,,,,,,,,,,,,,,,,,,,,,,,,,,,,,,,,,,,
33,1597,,,,,,,,,,,,,,,,,,,,,,,,,,,,,,,,,,,,,,,,,,0.9866163730621338,0.20810948312282562,0.7282559871673584,0.4572453498840332,0.9849830269813538,0.021268153563141823,0.6802029013633728,0.28664496541023254,0.5765472054481506,0.49837133288383484,0.40390878915786743,0.30293160676956177,0.4006514549255371,0.873133659362793,0.7387083768844604,0.5697835087776184,0.7233328223228455,0.687734067440033,0.5180918574333191,7.222762107849121,0.01611778885126114,0.019547738134860992,0.019603360444307327,0.021098531782627106,0.01969531923532486,0.033446792513132095,0.31007158756256104,0.4801236093044281,0.39443522691726685,0.3718230724334717,0.3179723024368286,0.41506072878837585,0.09804146736860275,0.1071949303150177,0.10503841936588287,0.10615383088588715,0.10453449934720993,0.1333131045103073,0.025899002328515053,0.028142552822828293,0.027004152536392212,0.027092432603240013,0.02749304287135601,0.030198702588677406,0.06788517534732819,0.07341839373111725,0.07328405231237411,0.07304493337869644,0.07090186327695847,0.07107074558734894,0.7192691564559937,0.5644130706787109,0.5626505017280579,0.7020871043205261,0.7613585591316223,0.6465365886688232,0.6633307337760925,0.5101991295814514
33,1597,35.053192138671875,21.93882942199707,35.77925491333008,35.94281768798828,35.09308624267578,34.07313919067383,0.39410683512687683,6.804096698760986,0.01358472928404808,0.02275400049984455,0.02194255217909813,0.016761746257543564,0.0146985724568367,0.034485217183828354,0.2557026743888855,0.7145383358001709,0.4521388113498688,0.3403455913066864,0.27036625146865845,0.4075091779232025,0.081570103764534,0.09639066457748413,0.09503816068172455,0.0876937285065651,0.08314231783151627,0.12227480113506317,0.02586265280842781,0.027959566563367844,0.026674825698137283,0.026278287172317505,0.025916343554854393,0.030631642788648605,0.0575072206556797,0.06242378056049347,0.0591452419757843,0.058363523334264755,0.05765223503112793,0.06361336261034012,,,,,,,,,,,,,,,,,,,,,,,,,,,,,,,,,,,,,,,,,,,,,,,,,,,,,,,,,,,,,
34,1599,,,,,,,,,,,,,,,,,,,,,,,,,,,,,,,,,,,,,,,9.999999747378752e-05,9.999999747378752e-05,3.232564267818816e-06,,,,,,,,,,,,,,,,,,,,,,,,,,,,,,,,,,,,,,,,,,,,,,,,,,,,,,,,,,
34,1644,,,,,,,,,,,,,,,,,,,,,,,,,,,,,,,,,,,,,,,,,,0.9867401123046875,0.22626864910125732,0.733593225479126,0.47247791290283203,0.9863879084587097,0.026098517701029778,0.6836052536964417,0.2540716528892517,0.48534202575683594,0.3355048894882202,0.4918566644191742,0.28664496541023254,0.2931596040725708,0.8148638606071472,0.7389687299728394,0.5733603239059448,0.7179041504859924,0.673614501953125,0.5186818838119507,7.1320481300354,0.014593641273677349,0.01917952671647072,0.01872359775006771,0.020407043397426605,0.015664126724004745,0.030243083834648132,0.2943369746208191,0.45310893654823303,0.3604332506656647,0.42583248019218445,0.3107457756996155,0.386501282453537,0.09792477637529373,0.10644174367189407,0.10677216947078705,0.1051393672823906,0.10147734731435776,0.1271364986896515,0.028284374624490738,0.02848001942038536,0.027415378019213676,0.027184052392840385,0.028285402804613113,0.032898977398872375,0.07073067128658295,0.07675569504499435,0.072819784283638,0.06781329214572906,0.06890702992677689,0.07387546449899673,0.744184136390686,0.5719277262687683,0.5653272271156311,0.7132096886634827,0.7693642377853394,0.6503268480300903,0.6665953993797302,0.5198616981506348
34,1644,35.48670196533203,27.945478439331055,35.01994705200195,35.59574508666992,35.47074508666992,34.15292739868164,0.3311159312725067,6.711009502410889,0.015298286452889442,0.021796949207782745,0.02049352414906025,0.018708132207393646,0.016070492565631866,0.034820638597011566,0.2550809383392334,0.6563845276832581,0.409097820520401,0.3398555517196655,0.2689971327781677,0.3958377540111542,0.08322400599718094,0.09561975300312042,0.0932319313287735,0.08943849802017212,0.08490908145904541,0.1216433197259903,0.025500807911157608,0.02788221649825573,0.026623599231243134,0.026164470240473747,0.025623129680752754,0.030453549697995186,0.058206040412187576,0.059456966817379,0.061449501663446426,0.05979642644524574,0.05855564400553703,0.06302417069673538,,,,,,,,,,,,,,,,,,,,,,,,,,,,,,,,,,,,,,,,,,,,,,,,,,,,,,,,,,,,,
35,1649,,,,,,,,,,,,,,,,,,,,,,,,,,,,,,,,,,,,,,,9.999999747378752e-05,9.999999747378752e-05,3.232564267818816e-06,,,,,,,,,,,,,,,,,,,,,,,,,,,,,,,,,,,,,,,,,,,,,,,,,,,,,,,,,,
35,1691,,,,,,,,,,,,,,,,,,,,,,,,,,,,,,,,,,,,,,,,,,0.9873168468475342,0.2134295254945755,0.7380448579788208,0.39903387427330017,0.9848255515098572,0.03415502607822418,0.6782615780830383,0.27361562848091125,0.46254071593284607,0.37785017490386963,0.3745928406715393,0.2768729627132416,0.32899022102355957,0.9755067825317383,0.7368915677070618,0.5721099376678467,0.7274684906005859,0.6778247952461243,0.5210962295532227,7.265956401824951,0.014664831571280956,0.019480880349874496,0.021769536659121513,0.02063033916056156,0.015212603844702244,0.04182886704802513,0.311970055103302,0.4724462926387787,0.38569873571395874,0.3826613426208496,0.3181559145450592,0.4205740690231323,0.09583831578493118,0.10505124926567078,0.10837431997060776,0.10421758890151978,0.09577582776546478,0.13814517855644226,0.027107682079076767,0.02800614759325981,0.026098689064383507,0.02739272639155388,0.026817690581083298,0.031230684369802475,0.07138612866401672,0.07333596795797348,0.07197501510381699,0.07193563133478165,0.07087506353855133,0.07618044316768646,0.735112726688385,0.559467613697052,0.5496622920036316,0.7149962782859802,0.6990762948989868,0.6832239031791687,0.6452855467796326,0.5037768483161926
35,1691,35.57712936401367,29.73271369934082,35.121009826660156,35.912235260009766,35.60771179199219,34.48271179199219,0.3627447485923767,6.630573749542236,0.013854040764272213,0.021498175337910652,0.021213136613368988,0.018445245921611786,0.014812946319580078,0.03164859116077423,0.2537488639354706,0.6332902908325195,0.39621204137802124,0.34837037324905396,0.26880723237991333,0.3768814206123352,0.08219975978136063,0.09681759774684906,0.09553992748260498,0.09095026552677155,0.08411889523267746,0.11860284209251404,0.02528727799654007,0.02671138569712639,0.02620586007833481,0.02551710419356823,0.025211725383996964,0.028935762122273445,0.05850750207901001,0.06048760935664177,0.06294882297515869,0.05942218750715256,0.05922282487154007,0.06343071907758713,,,,,,,,,,,,,,,,,,,,,,,,,,,,,,,,,,,,,,,,,,,,,,,,,,,,,,,,,,,,,
36,1699,,,,,,,,,,,,,,,,,,,,,,,,,,,,,,,,,,,,,,,9.999999747378752e-05,9.999999747378752e-05,3.232564267818816e-06,,,,,,,,,,,,,,,,,,,,,,,,,,,,,,,,,,,,,,,,,,,,,,,,,,,,,,,,,,
36,1738,,,,,,,,,,,,,,,,,,,,,,,,,,,,,,,,,,,,,,,,,,0.9881502389907837,0.22428222000598907,0.7317726612091064,0.48873135447502136,0.9839723110198975,0.031594645231962204,0.693722128868103,0.2410423457622528,0.5081433057785034,0.37785017490386963,0.36807817220687866,0.26058632135391235,0.33876222372055054,0.836579442024231,0.7337353229522705,0.5703569650650024,0.7225823402404785,0.6678636074066162,0.5172704458236694,7.0577898025512695,0.01355676632374525,0.01778448186814785,0.01820281893014908,0.016638608649373055,0.014578316360712051,0.03349335491657257,0.2985515594482422,0.45288196206092834,0.3672117292881012,0.3682842552661896,0.3010275065898895,0.40393346548080444,0.09488600492477417,0.10454456508159637,0.10267790406942368,0.09859804064035416,0.09708660840988159,0.14285039901733398,0.02637610025703907,0.027824174612760544,0.026668375357985497,0.02705400437116623,0.027195610105991364,0.03104100190103054,0.0742342546582222,0.0728738084435463,0.06537973135709763,0.07485591620206833,0.07414426654577255,0.07502073049545288,0.7427743673324585,0.574750542640686,0.5698994994163513,0.7018261551856995,0.7044258713722229,0.7061462998390198,0.6863244771957397,0.5189883708953857
36,1738,35.66090393066406,29.147605895996094,35.34574508666992,35.949466705322266,35.708778381347656,34.79255294799805,0.3261498808860779,6.526544570922852,0.012562032788991928,0.021205514669418335,0.021920710802078247,0.016869191080331802,0.013571245595812798,0.03221041336655617,0.24750985205173492,0.6367450952529907,0.4065169394016266,0.3230848014354706,0.25811365246772766,0.3755544424057007,0.08029893785715103,0.09440700709819794,0.0935702696442604,0.0872703492641449,0.08169502764940262,0.11960781365633011,0.024700548499822617,0.026317527517676353,0.025774918496608734,0.025129219517111778,0.024797292426228523,0.028300046920776367,0.05763228237628937,0.05956743285059929,0.062357865273952484,0.058655936270952225,0.05877666175365448,0.06271494925022125,,,,,,,,,,,,,,,,,,,,,,,,,,,,,,,,,,,,,,,,,,,,,,,,,,,,,,,,,,,,,
37,1749,,,,,,,,,,,,,,,,,,,,,,,,,,,,,,,,,,,,,,,9.999999747378752e-05,9.999999747378752e-05,3.232564267818816e-06,,,,,,,,,,,,,,,,,,,,,,,,,,,,,,,,,,,,,,,,,,,,,,,,,,,,,,,,,,
37,1785,,,,,,,,,,,,,,,,,,,,,,,,,,,,,,,,,,,,,,,,,,0.988297700881958,0.2195746749639511,0.6864352226257324,0.4654155969619751,0.9873943328857422,0.03322512283921242,0.6711080074310303,0.2638436555862427,0.6482084393501282,0.3452768623828888,0.3094462454319,0.2768729627132416,0.28664496541023254,0.6494917869567871,0.7446197271347046,0.5759322047233582,0.7331182956695557,0.6678846478462219,0.5206929445266724,7.103146553039551,0.014280684292316437,0.020178435370326042,0.019788991659879684,0.016885211691260338,0.015351477079093456,0.02926870808005333,0.30508875846862793,0.4733399748802185,0.3661656975746155,0.3401673436164856,0.3108198344707489,0.4040263593196869,0.10168430954217911,0.11063259840011597,0.10897114872932434,0.10756871104240417,0.10631407052278519,0.13216538727283478,0.0275974590331316,0.02785775251686573,0.026763465255498886,0.02682497538626194,0.02639254927635193,0.03151920810341835,0.0710134506225586,0.06670600920915604,0.0719851404428482,0.07410912960767746,0.07087378203868866,0.07637712359428406,0.7439813017845154,0.5633904337882996,0.5627268552780151,0.716430127620697,0.7028457522392273,0.6519643664360046,0.662040114402771,0.514240562915802
37,1785,35.5013313293457,27.355052947998047,35.05718231201172,35.61037063598633,35.51329803466797,34.43218231201172,0.2002718150615692,6.462075710296631,0.012691749259829521,0.02105158194899559,0.02066425234079361,0.015119100920855999,0.013137992471456528,0.03353103995323181,0.24504722654819489,0.6316036581993103,0.4025324285030365,0.31222787499427795,0.25454384088516235,0.3764955699443817,0.07824414223432541,0.09251176565885544,0.09066171944141388,0.08303946256637573,0.07970679551362991,0.1184915155172348,0.02488030306994915,0.02760339342057705,0.02621230110526085,0.025481870397925377,0.025197597220540047,0.029375547543168068,0.056681860238313675,0.058596596121788025,0.06134486570954323,0.058627720922231674,0.059039536863565445,0.061625510454177856,,,,,,,,,,,,,,,,,,,,,,,,,,,,,,,,,,,,,,,,,,,,,,,,,,,,,,,,,,,,,
38,1799,,,,,,,,,,,,,,,,,,,,,,,,,,,,,,,,,,,,,,,9.999999747378752e-05,9.999999747378752e-05,3.232564267818816e-06,,,,,,,,,,,,,,,,,,,,,,,,,,,,,,,,,,,,,,,,,,,,,,,,,,,,,,,,,,
38,1832,,,,,,,,,,,,,,,,,,,,,,,,,,,,,,,,,,,,,,,,,,0.9886767864227295,0.2091519981622696,0.6989872455596924,0.5071158409118652,0.9868218302726746,0.03404149040579796,0.695221483707428,0.2508143186569214,0.5146579742431641,0.36807817220687866,0.32573288679122925,0.23778501152992249,0.3061889111995697,0.8843480348587036,0.7385424375534058,0.5768044590950012,0.7316859364509583,0.673432469367981,0.5224345326423645,7.125457286834717,0.015042956918478012,0.019398918375372887,0.02010084129869938,0.015946071594953537,0.01582815684378147,0.03315766528248787,0.30491843819618225,0.4630242884159088,0.3732263147830963,0.33975836634635925,0.315599262714386,0.41090571880340576,0.10134868323802948,0.10919758677482605,0.11066129803657532,0.10230462998151779,0.10003573447465897,0.1335512399673462,0.02784627117216587,0.02751905843615532,0.026233315467834473,0.026617381721735,0.02801716886460781,0.031067149713635445,0.07076912373304367,0.06810279935598373,0.0737692192196846,0.07626613229513168,0.07014539837837219,0.0749376118183136,0.7333672046661377,0.5707992315292358,0.5781868100166321,0.7143300771713257,0.7488232254981995,0.6710711121559143,0.6767809987068176,0.5156878232955933
38,1832,35.708778381347656,28.849733352661133,35.42686080932617,35.70212936401367,35.62234115600586,34.416221618652344,0.2917875647544861,6.483288764953613,0.012999794445931911,0.020978683605790138,0.020635312423110008,0.016508618369698524,0.01411929540336132,0.031327344477176666,0.24924340844154358,0.618799090385437,0.40597209334373474,0.31038621068000793,0.26034310460090637,0.37561100721359253,0.08011229336261749,0.09386659413576126,0.09272061288356781,0.08676140010356903,0.08208788186311722,0.1174488365650177,0.02448861487209797,0.026448972523212433,0.02538311667740345,0.024768682196736336,0.024538157507777214,0.028879528865218163,0.057756926864385605,0.05914086475968361,0.06283001601696014,0.05877033248543739,0.05915383994579315,0.06265958398580551,,,,,,,,,,,,,,,,,,,,,,,,,,,,,,,,,,,,,,,,,,,,,,,,,,,,,,,,,,,,,
39,1849,,,,,,,,,,,,,,,,,,,,,,,,,,,,,,,,,,,,,,,9.999999747378752e-05,9.999999747378752e-05,3.232564267818816e-06,,,,,,,,,,,,,,,,,,,,,,,,,,,,,,,,,,,,,,,,,,,,,,,,,,,,,,,,,,
39,1879,,,,,,,,,,,,,,,,,,,,,,,,,,,,,,,,,,,,,,,,,,0.9883401393890381,0.21356810629367828,0.7251270413398743,0.49363842606544495,0.9849362373352051,0.02230375073850155,0.6992304921150208,0.2540716528892517,0.5830618739128113,0.423452764749527,0.3322475552558899,0.2638436555862427,0.32899022102355957,0.7853590250015259,0.7476766705513,0.5792800188064575,0.7323360443115234,0.6775497794151306,0.5233355760574341,6.9240546226501465,0.014303075149655342,0.020641542971134186,0.02113131619989872,0.016836116090416908,0.01546531729400158,0.03016424924135208,0.3055731952190399,0.45176199078559875,0.39397600293159485,0.3400106132030487,0.30684173107147217,0.39609700441360474,0.09760268032550812,0.10961593687534332,0.10823988169431686,0.10354578495025635,0.09758260101079941,0.1255347728729248,0.024203764274716377,0.0262768492102623,0.026099735870957375,0.02538258209824562,0.025212276726961136,0.029738077893853188,0.06383275985717773,0.0691608265042305,0.06681844592094421,0.0703514888882637,0.0669838935136795,0.07650788873434067,0.7415016889572144,0.5713189244270325,0.5663821697235107,0.7072136998176575,0.7081990838050842,0.7016724348068237,0.6846644878387451,0.5097782611846924
39,1879,35.191490173339844,30.01462745666504,34.48271179199219,35.42021179199219,35.20079803466797,34.58111572265625,0.23335042595863342,6.439781665802002,0.013788226991891861,0.021732350811362267,0.02164839394390583,0.016200071200728416,0.014325270429253578,0.03322189673781395,0.24993404746055603,0.6035906076431274,0.41705408692359924,0.29622405767440796,0.2569052577018738,0.37712565064430237,0.08149438351392746,0.09555650502443314,0.09341414272785187,0.08578483760356903,0.08201897144317627,0.12060905247926712,0.0241545457392931,0.026353787630796432,0.025680087506771088,0.024412276223301888,0.024058427661657333,0.028388136997818947,0.055958863347768784,0.05926280841231346,0.059259358793497086,0.056808967143297195,0.056006141006946564,0.06297862529754639,,,,,,,,,,,,,,,,,,,,,,,,,,,,,,,,,,,,,,,,,,,,,,,,,,,,,,,,,,,,,
40,1899,,,,,,,,,,,,,,,,,,,,,,,,,,,,,,,,,,,,,,,9.999999747378752e-05,9.999999747378752e-05,3.232564267818816e-06,,,,,,,,,,,,,,,,,,,,,,,,,,,,,,,,,,,,,,,,,,,,,,,,,,,,,,,,,,
40,1926,,,,,,,,,,,,,,,,,,,,,,,,,,,,,,,,,,,,,,,,,,0.9879708290100098,0.17694556713104248,0.7342567443847656,0.38163089752197266,0.9857086539268494,0.013310777023434639,0.658228874206543,0.24755699932575226,0.4267100989818573,0.30293160676956177,0.2280130237340927,0.24429967999458313,0.2931596040725708,1.0498936176300049,0.7376295328140259,0.5742244124412537,0.7217807769775391,0.6753478646278381,0.5171058773994446,6.794003486633301,0.013465357944369316,0.01737970858812332,0.016139579936861992,0.014674005098640919,0.014163424260914326,0.033724281936883926,0.29421359300613403,0.3944076895713806,0.33237338066101074,0.3060833513736725,0.29490935802459717,0.39897140860557556,0.09561385959386826,0.10509874671697617,0.10353595018386841,0.09721501916646957,0.09804358333349228,0.1348760426044464,0.027702953666448593,0.028608178719878197,0.025651942938566208,0.02564510516822338,0.025507260113954544,0.030665941536426544,0.07245396822690964,0.07599841803312302,0.06840723007917404,0.06808780133724213,0.06794731318950653,0.0746331512928009,0.719964861869812,0.546637237071991,0.5195797085762024,0.693961501121521,0.711906373500824,0.6503617763519287,0.629199206829071,0.4902433454990387
40,1926,35.66090393066406,30.053192138671875,34.66090393066406,35.646278381347656,35.628990173339844,34.599735260009766,0.3355709910392761,6.287457466125488,0.012728000059723854,0.02127627283334732,0.01992294378578663,0.014959879219532013,0.013561458326876163,0.033071208745241165,0.24285484850406647,0.5739933252334595,0.37882018089294434,0.2829108238220215,0.2502346336841583,0.37610360980033875,0.07873339205980301,0.09443198889493942,0.09098156541585922,0.08372798562049866,0.08046270161867142,0.12038424611091614,0.02456541545689106,0.028047190979123116,0.025904303416609764,0.02500896342098713,0.024906355887651443,0.02935906872153282,0.05394471064209938,0.059454165399074554,0.057596299797296524,0.05552344769239426,0.05497371032834053,0.06221630051732063,,,,,,,,,,,,,,,,,,,,,,,,,,,,,,,,,,,,,,,,,,,,,,,,,,,,,,,,,,,,,
41,1949,,,,,,,,,,,,,,,,,,,,,,,,,,,,,,,,,,,,,,,9.999999747378752e-05,9.999999747378752e-05,3.232564267818816e-06,,,,,,,,,,,,,,,,,,,,,,,,,,,,,,,,,,,,,,,,,,,,,,,,,,,,,,,,,,
41,1973,,,,,,,,,,,,,,,,,,,,,,,,,,,,,,,,,,,,,,,,,,0.9886474013328552,0.20144884288311005,0.7219956517219543,0.48100975155830383,0.9857409596443176,0.02684343419969082,0.6867772936820984,0.24429967999458313,0.43322476744651794,0.30293160676956177,0.267100989818573,0.26058632135391235,0.27361562848091125,0.6277763247489929,0.7439999580383301,0.5765272974967957,0.7172659635543823,0.6710270047187805,0.5167481899261475,6.824284076690674,0.013421212323009968,0.019088713452219963,0.01724347285926342,0.014603577554225922,0.014218923635780811,0.03527471795678139,0.304191917181015,0.39398273825645447,0.3341701328754425,0.3105989396572113,0.302914559841156,0.4027554988861084,0.09698577970266342,0.10804042965173721,0.10563244670629501,0.09829490631818771,0.0987706109881401,0.1363808810710907,0.02621026523411274,0.026722470298409462,0.026467150077223778,0.02604791522026062,0.025794606655836105,0.03073245659470558,0.06912530213594437,0.07154583930969238,0.07178132981061935,0.06512188911437988,0.0685027465224266,0.07558933645486832,0.7447102069854736,0.5676143169403076,0.5628353953361511,0.7040284872055054,0.7639313340187073,0.6612935662269592,0.6594278812408447,0.5104801654815674
41,1973,35.98005294799805,32.460105895996094,35.5625,35.79388427734375,35.78590393066406,34.977394104003906,0.31305012106895447,6.270087242126465,0.012778784148395061,0.019911950454115868,0.018309954553842545,0.014227484352886677,0.013239274732768536,0.035701166838407516,0.24339479207992554,0.5742154717445374,0.36896952986717224,0.27530965209007263,0.24776440858840942,0.3852241337299347,0.07950664311647415,0.0922766774892807,0.08877063542604446,0.08314789086580276,0.08061743527650833,0.12188389152288437,0.0245228074491024,0.02659042552113533,0.025569265708327293,0.02490430697798729,0.02458956465125084,0.02787330374121666,0.05576800927519798,0.06063681095838547,0.057814691215753555,0.056026313453912735,0.05638480186462402,0.061712153255939484,,,,,,,,,,,,,,,,,,,,,,,,,,,,,,,,,,,,,,,,,,,,,,,,,,,,,,,,,,,,,
42,1999,,,,,,,,,,,,,,,,,,,,,,,,,,,,,,,,,,,,,,,9.999999747378752e-05,9.999999747378752e-05,3.232564267818816e-06,,,,,,,,,,,,,,,,,,,,,,,,,,,,,,,,,,,,,,,,,,,,,,,,,,,,,,,,,,
42,2020,,,,,,,,,,,,,,,,,,,,,,,,,,,,,,,,,,,,,,,,,,0.9888643026351929,0.20439711213111877,0.7279257774353027,0.4519123435020447,0.9874386787414551,0.026704447343945503,0.6683743596076965,0.23778501152992249,0.4006514549255371,0.28664496541023254,0.3061889111995697,0.25732898712158203,0.25732898712158203,0.6494917869567871,0.736163854598999,0.5728973746299744,0.7128365635871887,0.6637251973152161,0.5151827335357666,6.805856704711914,0.013812007382512093,0.017414415255188942,0.016962256282567978,0.016077129170298576,0.014068331569433212,0.031805217266082764,0.29558300971984863,0.3806401491165161,0.33000385761260986,0.31670522689819336,0.30612555146217346,0.38105547428131104,0.09533075243234634,0.10309785604476929,0.1027265265583992,0.10017117857933044,0.09580980986356735,0.13226719200611115,0.027029339224100113,0.028261255472898483,0.027794362977147102,0.02816944010555744,0.027535950765013695,0.03166697919368744,0.06509580463171005,0.07357440888881683,0.07265407592058182,0.07234332710504532,0.06987936794757843,0.07324378937482834,0.727928638458252,0.564540445804596,0.5620110034942627,0.7093861103057861,0.6919627785682678,0.6645082235336304,0.6565886735916138,0.5066027045249939
42,2020,35.67287063598633,32.022605895996094,35.34441375732422,35.69015884399414,35.67686080932617,34.92951965332031,0.31558722257614136,6.213836193084717,0.01228293962776661,0.019635682925581932,0.017974374815821648,0.01487313024699688,0.013448893092572689,0.03525158390402794,0.23434576392173767,0.570734441280365,0.3557073771953583,0.2674361765384674,0.2440493404865265,0.3718055188655853,0.07834300398826599,0.0903405249118805,0.08835943788290024,0.08252082765102386,0.07996772974729538,0.11679257452487946,0.02471054531633854,0.026620004326105118,0.02580658718943596,0.025257084518671036,0.024841953068971634,0.02936573512852192,0.05482710152864456,0.05958808586001396,0.059460487216711044,0.056787729263305664,0.05595323443412781,0.06273599714040756,,,,,,,,,,,,,,,,,,,,,,,,,,,,,,,,,,,,,,,,,,,,,,,,,,,,,,,,,,,,,
43,2049,,,,,,,,,,,,,,,,,,,,,,,,,,,,,,,,,,,,,,,9.999999747378752e-05,9.999999747378752e-05,3.232564267818816e-06,,,,,,,,,,,,,,,,,,,,,,,,,,,,,,,,,,,,,,,,,,,,,,,,,,,,,,,,,,
43,2067,,,,,,,,,,,,,,,,,,,,,,,,,,,,,,,,,,,,,,,,,,0.9890353679656982,0.23606468737125397,0.7420105934143066,0.46688151359558105,0.9863382577896118,0.02664479799568653,0.6914109587669373,0.22475570440292358,0.44951140880584717,0.2833876311779022,0.2768729627132416,0.2508143186569214,0.2801302969455719,0.7044193744659424,0.7412801384925842,0.5766634345054626,0.7059622406959534,0.6721253991127014,0.5159998536109924,6.703707695007324,0.01281852088868618,0.015708262100815773,0.01681993529200554,0.014688387513160706,0.013764970004558563,0.0284581258893013,0.29100990295410156,0.3694421052932739,0.31938087940216064,0.3257203996181488,0.29887938499450684,0.3769318461418152,0.09275378286838531,0.09966389089822769,0.10052301734685898,0.09525298327207565,0.09338544309139252,0.12487436085939407,0.029377738013863564,0.027469240128993988,0.026309827342629433,0.027321182191371918,0.02708989940583706,0.03031819500029087,0.06902965903282166,0.0716780498623848,0.07450174540281296,0.07089918851852417,0.06998327374458313,0.07565111666917801,0.7460668683052063,0.5744958519935608,0.5724776983261108,0.701876699924469,0.7003172039985657,0.7000699043273926,0.6749373078346252,0.5183011293411255
43,2067,35.824466705322266,31.5,36.08909606933594,35.808509826660156,35.76728820800781,35.378990173339844,0.26673051714897156,6.125449180603027,0.012052266858518124,0.01819036900997162,0.016803091391921043,0.0136354835703969,0.012759272940456867,0.028775077313184738,0.23685453832149506,0.5773934125900269,0.3605503439903259,0.2687048614025116,0.24436698853969574,0.35444068908691406,0.07789451628923416,0.08968452364206314,0.08681882917881012,0.08154559880495071,0.07918562740087509,0.11270803958177567,0.024525640532374382,0.025905031710863113,0.0252152681350708,0.024777503684163094,0.024382179602980614,0.028731204569339752,0.05460489168763161,0.06016315147280693,0.06016300246119499,0.05699256807565689,0.05584312975406647,0.061974115669727325,,,,,,,,,,,,,,,,,,,,,,,,,,,,,,,,,,,,,,,,,,,,,,,,,,,,,,,,,,,,,
44,2099,,,,,,,,,,,,,,,,,,,,,,,,,,,,,,,,,,,,,,,9.999999747378752e-05,9.999999747378752e-05,3.232564267818816e-06,,,,,,,,,,,,,,,,,,,,,,,,,,,,,,,,,,,,,,,,,,,,,,,,,,,,,,,,,,
44,2114,,,,,,,,,,,,,,,,,,,,,,,,,,,,,,,,,,,,,,,,,,0.9882763624191284,0.20513303577899933,0.7275105714797974,0.3875294625759125,0.9881247878074646,0.022426163777709007,0.675992488861084,0.23452769219875336,0.4560260474681854,0.30293160676956177,0.2801302969455719,0.23778501152992249,0.3355048894882202,0.6122651100158691,0.7394818067550659,0.5764264464378357,0.7072160243988037,0.6731728315353394,0.517808198928833,6.66976261138916,0.014071648009121418,0.016272110864520073,0.01623457670211792,0.013659193180501461,0.01411720085889101,0.0263407863676548,0.2918033301830292,0.3671133816242218,0.32109737396240234,0.2961326241493225,0.2888147532939911,0.37778881192207336,0.09817490726709366,0.10416366159915924,0.10374952852725983,0.09754939377307892,0.10143022239208221,0.1222795844078064,0.02867591753602028,0.02812918648123741,0.02720761112868786,0.028589384630322456,0.026958614587783813,0.031714074313640594,0.06703885644674301,0.07289407402276993,0.0693621039390564,0.06770925223827362,0.07168570905923843,0.07380329817533493,0.724861204624176,0.5531667470932007,0.5457112789154053,0.6968026757240295,0.6982186436653137,0.6810966730117798,0.6481244564056396,0.5060831308364868
44,2114,35.6861686706543,30.783245086669922,35.240692138671875,35.80718231201172,35.73537063598633,35.04787063598633,0.26118117570877075,6.011919975280762,0.011361764743924141,0.01797802932560444,0.01643802784383297,0.013269111514091492,0.012132247909903526,0.028917532414197922,0.22994063794612885,0.553798258304596,0.3465863764286041,0.2608158588409424,0.2360912263393402,0.3457154333591461,0.07488417625427246,0.08692263811826706,0.08457431942224503,0.07960249483585358,0.07674989104270935,0.10979292541742325,0.02514549344778061,0.026653343811631203,0.02576695941388607,0.025226717814803123,0.025168215855956078,0.028920091688632965,0.05484730750322342,0.0591106154024601,0.05891697481274605,0.055539168417453766,0.05559253692626953,0.06179982051253319,,,,,,,,,,,,,,,,,,,,,,,,,,,,,,,,,,,,,,,,,,,,,,,,,,,,,,,,,,,,,
45,2149,,,,,,,,,,,,,,,,,,,,,,,,,,,,,,,,,,,,,,,9.999999747378752e-05,9.999999747378752e-05,3.232564267818816e-06,,,,,,,,,,,,,,,,,,,,,,,,,,,,,,,,,,,,,,,,,,,,,,,,,,,,,,,,,,
45,2161,,,,,,,,,,,,,,,,,,,,,,,,,,,,,,,,,,,,,,,,,,0.9885878562927246,0.23195594549179077,0.7424944043159485,0.4941926896572113,0.9869533181190491,0.03827695548534393,0.7032923698425293,0.23452769219875336,0.4006514549255371,0.267100989818573,0.25732898712158203,0.24429967999458313,0.2899022698402405,0.6870005130767822,0.7472313046455383,0.5776276588439941,0.7136576175689697,0.6743060350418091,0.5177438855171204,6.616415023803711,0.012861632741987705,0.01595941372215748,0.016569899395108223,0.014549716375768185,0.0136287622153759,0.025951718911528587,0.28656578063964844,0.3620983064174652,0.329946368932724,0.29375505447387695,0.28506946563720703,0.375259131193161,0.09392914921045303,0.09988106042146683,0.1019974797964096,0.10041280835866928,0.09722645580768585,0.12364576756954193,0.02652180753648281,0.027570953592658043,0.027517564594745636,0.02690725587308407,0.027437569573521614,0.030124226585030556,0.0655871257185936,0.07270311564207077,0.06965547800064087,0.0695146769285202,0.07133646309375763,0.07550965994596481,0.7477070689201355,0.5804101824760437,0.593475878238678,0.7091453671455383,0.7968975901603699,0.6765369772911072,0.6868509650230408,0.5156731009483337
45,2161,36.1861686706543,31.051860809326172,35.48936080932617,35.95744705200195,36.03191375732422,35.04920196533203,0.1167454794049263,5.913704872131348,0.011765973642468452,0.017994817346334457,0.016496457159519196,0.01345523539930582,0.012601915746927261,0.028891021385788918,0.2372136265039444,0.5404958128929138,0.3492889106273651,0.264264851808548,0.24440428614616394,0.3516941964626312,0.07380017638206482,0.08466927707195282,0.08075138181447983,0.07698874175548553,0.07552275061607361,0.1080295518040657,0.024266742169857025,0.0257192924618721,0.02494237758219242,0.024464868009090424,0.02422633022069931,0.027689076960086823,0.05330139026045799,0.05747878924012184,0.05655558407306671,0.05371265113353729,0.05290014669299126,0.058901138603687286,,,,,,,,,,,,,,,,,,,,,,,,,,,,,,,,,,,,,,,,,,,,,,,,,,,,,,,,,,,,,
46,2199,,,,,,,,,,,,,,,,,,,,,,,,,,,,,,,,,,,,,,,9.999999747378752e-05,9.999999747378752e-05,3.232564267818816e-06,,,,,,,,,,,,,,,,,,,,,,,,,,,,,,,,,,,,,,,,,,,,,,,,,,,,,,,,,,
46,2208,,,,,,,,,,,,,,,,,,,,,,,,,,,,,,,,,,,,,,,,,,0.9871240854263306,0.218630850315094,0.7444556951522827,0.49431249499320984,0.9852240085601807,0.035138629376888275,0.6938388347625732,0.2508143186569214,0.423452764749527,0.2964169383049011,0.23452769219875336,0.2540716528892517,0.2833876311779022,0.7872259616851807,0.7482432126998901,0.5829307436943054,0.7152591347694397,0.6854069232940674,0.5235532522201538,6.584367275238037,0.013373440131545067,0.015728851780295372,0.01520521380007267,0.014583968557417393,0.012806808575987816,0.030071835964918137,0.3002942204475403,0.36064818501472473,0.3253319263458252,0.3009675443172455,0.29737475514411926,0.38664889335632324,0.09396123886108398,0.0977591946721077,0.09705237299203873,0.0979013592004776,0.09184197336435318,0.13093750178813934,0.02610289864242077,0.025734471157193184,0.0249163918197155,0.026588844135403633,0.025728892534971237,0.028836330398917198,0.06888648867607117,0.07143832743167877,0.06822828948497772,0.07111472636461258,0.06865377724170685,0.07083939760923386,0.7440345287322998,0.5774809718132019,0.5930792689323425,0.7024856209754944,0.7202399373054504,0.688041090965271,0.6818394064903259,0.5245317816734314
46,2208,35.46542739868164,32.1888313293457,35.053192138671875,35.446807861328125,35.43484115600586,34.38962936401367,0.19424600899219513,6.055037498474121,0.012058481574058533,0.018885403871536255,0.01759948953986168,0.01398313045501709,0.012795914895832539,0.034766968339681625,0.23388606309890747,0.5342673063278198,0.34570422768592834,0.26205986738204956,0.23960311710834503,0.36882320046424866,0.07513848692178726,0.08732198178768158,0.08396097272634506,0.0785125195980072,0.07654809206724167,0.11615801602602005,0.02513323724269867,0.027537893503904343,0.026051439344882965,0.025508088991045952,0.02525964006781578,0.028643781319260597,0.054412584751844406,0.058634113520383835,0.05670147389173508,0.05496562272310257,0.05467500165104866,0.05947069078683853,,,,,,,,,,,,,,,,,,,,,,,,,,,,,,,,,,,,,,,,,,,,,,,,,,,,,,,,,,,,,
47,2249,,,,,,,,,,,,,,,,,,,,,,,,,,,,,,,,,,,,,,,9.999999747378752e-05,9.999999747378752e-05,3.232564267818816e-06,,,,,,,,,,,,,,,,,,,,,,,,,,,,,,,,,,,,,,,,,,,,,,,,,,,,,,,,,,
47,2255,,,,,,,,,,,,,,,,,,,,,,,,,,,,,,,,,,,,,,,,,,0.9896419644355774,0.21356189250946045,0.7437164187431335,0.44383805990219116,0.9873701333999634,0.032134804874658585,0.6739661693572998,0.2508143186569214,0.38110747933387756,0.31270357966423035,0.27361562848091125,0.27361562848091125,0.30293160676956177,0.5784228444099426,0.7490754127502441,0.5848895907402039,0.7191987037658691,0.6828147172927856,0.5261214375495911,6.7255072593688965,0.012727555818855762,0.015500292181968689,0.016322249546647072,0.013727727346122265,0.013140659779310226,0.03262342885136604,0.30244988203048706,0.37360435724258423,0.3363962173461914,0.313012033700943,0.3064170479774475,0.4097234010696411,0.0906563326716423,0.0981602817773819,0.10155516117811203,0.09612055122852325,0.09128507226705551,0.1423870027065277,0.02655184268951416,0.025708185508847237,0.025895515456795692,0.02583657205104828,0.025748305022716522,0.030056264251470566,0.06905251741409302,0.07245641201734543,0.07111620903015137,0.07212887704372406,0.06540260463953018,0.07471974939107895,0.7180026173591614,0.5683771967887878,0.5694935917854309,0.7251508831977844,0.6675382256507874,0.7008044123649597,0.6670719981193542,0.5167978405952454
47,2255,35.4135627746582,32.26595687866211,35.57048034667969,35.365692138671875,35.42021179199219,35.04521179199219,0.2833196222782135,5.903155326843262,0.011188177391886711,0.016893289983272552,0.01588147133588791,0.01260250061750412,0.011649017222225666,0.028061963617801666,0.23258018493652344,0.5487736463546753,0.3408263921737671,0.2565852701663971,0.23665384948253632,0.35854750871658325,0.07381956279277802,0.08368886262178421,0.08184415102005005,0.07694707810878754,0.07470628619194031,0.10854886472225189,0.024068612605333328,0.02529166080057621,0.02461051009595394,0.0241868793964386,0.024185603484511375,0.027812615036964417,0.05297185108065605,0.05829085037112236,0.05805565044283867,0.05526703968644142,0.054127078503370285,0.06087132543325424,,,,,,,,,,,,,,,,,,,,,,,,,,,,,,,,,,,,,,,,,,,,,,,,,,,,,,,,,,,,,
48,2299,,,,,,,,,,,,,,,,,,,,,,,,,,,,,,,,,,,,,,,9.999999747378752e-05,9.999999747378752e-05,3.232564267818816e-06,,,,,,,,,,,,,,,,,,,,,,,,,,,,,,,,,,,,,,,,,,,,,,,,,,,,,,,,,,
48,2302,,,,,,,,,,,,,,,,,,,,,,,,,,,,,,,,,,,,,,,,,,0.9889360666275024,0.21252627670764923,0.7421460151672363,0.5118533968925476,0.9870336651802063,0.04754948616027832,0.6755417585372925,0.23452769219875336,0.3973941504955292,0.2964169383049011,0.2931596040725708,0.25732898712158203,0.3061889111995697,0.4760495722293854,0.7522192597389221,0.5885680913925171,0.7301702499389648,0.6845197677612305,0.5272401571273804,6.570765972137451,0.014007467776536942,0.015729254111647606,0.015029619447886944,0.013486155308783054,0.013297537341713905,0.026226285845041275,0.2974099814891815,0.38012218475341797,0.31255534291267395,0.3097462058067322,0.29523706436157227,0.39847618341445923,0.09401852637529373,0.10132648050785065,0.09841153025627136,0.09594877809286118,0.09280595928430557,0.1312049925327301,0.025764163583517075,0.026944642886519432,0.025461409240961075,0.025924211367964745,0.025506675243377686,0.029356151819229126,0.06458920985460281,0.07534115016460419,0.06893277913331985,0.06798981875181198,0.06528127193450928,0.0710894837975502,0.7338610291481018,0.5816741585731506,0.597993791103363,0.7193974852561951,0.7295237183570862,0.6573061943054199,0.6555870175361633,0.5101615190505981
48,2302,35.837764739990234,33.25265884399414,35.33909606933594,35.69281768798828,35.79521179199219,35.25265884399414,0.25283798575401306,5.949273109436035,0.01157823484390974,0.01711980812251568,0.015905510634183884,0.013327044434845448,0.012270334176719189,0.030667860060930252,0.23025058209896088,0.5627009868621826,0.33672332763671875,0.25622281432151794,0.235677108168602,0.37202519178390503,0.07401298731565475,0.08337210863828659,0.08175705373287201,0.07829976826906204,0.07535356283187866,0.11141751706600189,0.023896455764770508,0.02578902058303356,0.02459385059773922,0.024199141189455986,0.02382420003414154,0.027944359928369522,0.05341786891222,0.05866461619734764,0.05925699323415756,0.054433051496744156,0.052705831825733185,0.0598548986017704,,,,,,,,,,,,,,,,,,,,,,,,,,,,,,,,,,,,,,,,,,,,,,,,,,,,,,,,,,,,,
49,2349,,,,,,,,,,,,,,,,,,,,,,,,,,,,,,,,,,,,,,,9.999999747378752e-05,9.999999747378752e-05,3.232564267818816e-06,,,,,,,,,,,,,,,,,,,,,,,,,,,,,,,,,,,,,,,,,,,,,,,,,,,,,,,,,,
49,2349,,,,,,,,,,,,,,,,,,,,,,,,,,,,,,,,,,,,,,,,,,0.9873876571655273,0.22292353212833405,0.7366435527801514,0.4707890748977661,0.9874504804611206,0.035447411239147186,0.6984944343566895,0.23778501152992249,0.35179153084754944,0.2801302969455719,0.23778501152992249,0.23452769219875336,0.31270357966423035,0.6277763247489929,0.747124195098877,0.5872752070426941,0.7307151556015015,0.6819700002670288,0.5253286361694336,6.45419979095459,0.012196970172226429,0.014700611121952534,0.015801992267370224,0.013709722086787224,0.013410487212240696,0.029682140797376633,0.29447659850120544,0.3570748269557953,0.3158913850784302,0.2985961437225342,0.2954592704772949,0.37670600414276123,0.09105747193098068,0.09737108647823334,0.09911275655031204,0.09469755738973618,0.09280332177877426,0.12685570120811462,0.025892866775393486,0.02549727074801922,0.026035333052277565,0.026116356253623962,0.026109658181667328,0.028575120493769646,0.06381168961524963,0.06889666616916656,0.06618886440992355,0.0660296380519867,0.0686853751540184,0.07109932601451874,0.7432132959365845,0.5734403133392334,0.5587043762207031,0.7231602072715759,0.7474163770675659,0.6927438974380493,0.6729042530059814,0.5135818123817444
49,2349,35.78457260131836,30.757978439331055,35.40957260131836,35.835105895996094,35.82712936401367,35.103721618652344,0.19343611598014832,5.825317859649658,0.010931932367384434,0.01721864379942417,0.01548062451183796,0.012476709671318531,0.011433558538556099,0.029987847432494164,0.23219680786132812,0.5703514218330383,0.3376021087169647,0.25937777757644653,0.2361377775669098,0.36781156063079834,0.07008637487888336,0.08173568546772003,0.07957540452480316,0.07456394284963608,0.0710025206208229,0.10903271287679672,0.023769618943333626,0.02518448978662491,0.024397024884819984,0.02403959073126316,0.023886363953351974,0.027173636481165886,0.051314450800418854,0.056295689195394516,0.055618107318878174,0.052060600370168686,0.05160500109195709,0.0570954866707325,,,,,,,,,,,,,,,,,,,,,,,,,,,,,,,,,,,,,,,,,,,,,,,,,,,,,,,,,,,,,
